:020000022000DC
:10700000402F0020B9970200A1130300A5970200AA
:10701000A5970200A5970200A597020000000000B6
:10702000000000000000000000000000F1970200D6
:10703000A597020000000000F1990200A597020048
:10704000699A0200699A0200699A0200699A02002C
:10705000699A0200699A0200699A0200699A02001C
:10706000699A0200699A0200699A0200699A02000C
:10707000699A0200699A0200699A0200699A0200FC
:10708000699A0200699A0200699A0200699A0200EC
:10709000699A0200699A0200699A0200699A0200DC
:1070A000699A0200699A0200699A0200699A0200CC
:1070B000699A0200699A0200699A0200699A0200BC
:1070C000699A0200699A0200699A0200699A0200AC
:1070D000699A0200699A0200699A0200699A02009C
:1070E000699A0200699A0200699A0200699A02008C
:1070F000699A0200699A0200699A0200699A02007C
:1071000081F0004102E000BF83F0004330B54FEA58
:1071100041044FEA430594EA050F08BF90EA020FC5
:107120001FBF54EA000C55EA020C7FEA645C7FEA58
:10713000655C00F0E2804FEA5454D4EB5555B8BF7B
:107140006D420CDD2C4480EA020281EA030382EAEC
:10715000000083EA010180EA020281EA0303362D7E
:1071600088BF30BD11F0004F4FEA01314FF4801C51
:107170004CEA113102D0404261EB410113F0004F63
:107180004FEA03334CEA133302D0524263EB43031A
:1071900094EA050F00F0A780A4F10104D5F1200EB8
:1071A0000DDB02FA0EFC22FA05F2801841F1000113
:1071B00003FA0EF2801843FA05F359410EE0A5F1E7
:1071C00020050EF1200E012A03FA0EFC28BF4CF018
:1071D000020C43FA05F3C01851EBE37101F00045CE
:1071E00007D54FF0000EDCF1000C7EEB00006EEBDB
:1071F0000101B1F5801F1BD3B1F5001F0CD3490865
:107200005FEA30004FEA3C0C04F101044FEA4452BB
:1072100012F5800F80F09A80BCF1004F08BF5FEA42
:10722000500C50F1000041EB045141EA050130BD22
:107230005FEA4C0C404141EB0101013C28BFB1F534
:10724000801FE9D291F0000F04BF01460020B1FA7F
:1072500081F308BF2033A3F10B03B3F120020CDA52
:107260000C3208DD02F1140CC2F10C0201FA0CF030
:1072700021FA02F10CE002F11402D8BFC2F1200C95
:1072800001FA02F120FA0CFCDCBF41EA0C0190404B
:10729000E41AA2BF01EB0451294330BD6FEA040494
:1072A0001F3C1CDA0C340EDC04F11404C4F120027F
:1072B00020FA04F001FA02F340EA030021FA04F391
:1072C00045EA030130BDC4F10C04C4F1200220FAE8
:1072D00002F001FA04F340EA0300294630BD21FA26
:1072E00004F0294630BD94F0000F83F4801306BFEC
:1072F00081F480110134013D4EE77FEA645C18BFE0
:107300007FEA655C29D094EA050F08BF90EA020F76
:1073100005D054EA000C04BF1946104630BD91EA6E
:10732000030F1EBF0021002030BD5FEA545C05D171
:107330004000494128BF41F0004130BD14F58004B0
:107340003CBF01F5801130BD01F0004545F0FE4124
:1073500041F470014FF0000030BD7FEA645C1ABF59
:10736000194610467FEA655C1CBF0B46024650EA90
:10737000013406BF52EA033591EA030F41F40021BC
:1073800030BD00BF90F0000F04BF0021704730B542
:107390004FF4806404F132044FF000054FF0000117
:1073A00050E700BF90F0000F04BF0021704730B5D8
:1073B0004FF4806404F1320410F0004548BF4042AD
:1073C0004FF000013EE700BF42004FEAE2014FEA02
:1073D00031014FEA02701FBF12F07F4393F07F4FDD
:1073E00081F06051704732F07F4208BF704793F0E0
:1073F0007F4F04BF41F40021704730B54FF46074F3
:1074000001F0004521F000411CE700BF50EA0102F5
:1074100008BF704730B54FF000050AE050EA01029E
:1074200008BF704730B511F0004502D5404261EB0E
:1074300041014FF4806404F132045FEA915C3FF44F
:10744000D8AE4FF003025FEADC0C18BF03325FEAEC
:10745000DC0C18BF033202EBDC02C2F1200300FA9D
:1074600003FC20FA02F001FA03FE40EA0E0021FAC2
:1074700002F11444BDE600BF70B54FF0FF0C4CF4B0
:10748000E06C1CEA11541DBF1CEA135594EA0C0F62
:1074900095EA0C0F00F0DEF82C4481EA030621EA9D
:1074A0004C5123EA4C5350EA013518BF52EA0335D8
:1074B00041F4801143F4801338D0A0FB02CE4FF08A
:1074C0000005E1FB02E506F00042E0FB03E54FF0BA
:1074D0000006E1FB03569CF0000F18BF4EF0010EB2
:1074E000A4F1FF04B6F5007F64F5407404D25FEAAE
:1074F0004E0E6D4146EB060642EAC62141EA555161
:107500004FEAC52040EA5E504FEACE2EB4F1FD0CA2
:1075100088BFBCF5E06F1ED8BEF1004F08BF5FEA20
:10752000500E50F1000041EB045170BD06F00046D2
:1075300046EA010140EA020081EA0301B4EB5C047F
:10754000C2BFD4EB0C0541EA045170BD41F4801177
:107550004FF0000E013C00F3AB8014F1360FDEBF9C
:10756000002001F0004170BDC4F10004203C35DA78
:107570000C341BDC04F11404C4F1200500FA05F3FB
:1075800020FA04F001FA05F240EA020001F000429C
:1075900021F0004110EBD37021FA04F642EB060112
:1075A0005EEA430E08BF20EAD37070BDC4F10C043C
:1075B000C4F1200500FA04F320FA05F001FA04F200
:1075C00040EA020001F0004110EBD37041F10001EC
:1075D0005EEA430E08BF20EAD37070BDC4F12005F7
:1075E00000FA05F24EEA020E20FA04F301FA05F25F
:1075F00043EA020321FA04F001F0004121FA04F207
:1076000020EA020000EBD3705EEA430E08BF20EAD6
:10761000D37070BD94F0000F0FD101F00046400010
:1076200041EB010111F4801F08BF013CF7D041EA92
:10763000060195F0000F18BF704703F00046520096
:1076400043EB030313F4801F08BF013DF7D043EA67
:107650000603704794EA0C0F0CEA135518BF95EA1D
:107660000C0F0CD050EA410618BF52EA4306D1D1A4
:1076700081EA030101F000414FF0000070BD50EAC3
:10768000410606BF1046194652EA430619D094EA4D
:107690000C0F02D150EA013613D195EA0C0F05D137
:1076A00052EA03361CBF104619460AD181EA03018B
:1076B00001F0004141F0FE4141F470014FF0000043
:1076C00070BD41F0FE4141F4780170BD70B54FF0DE
:1076D000FF0C4CF4E06C1CEA11541DBF1CEA13555E
:1076E00094EA0C0F95EA0C0F00F0A7F8A4EB050440
:1076F00081EA030E52EA03354FEA013100F0888037
:107700004FEA03334FF0805545EA131343EA1263FF
:107710004FEA022245EA111545EA10654FEA0026B4
:107720000EF000419D4208BF964244F1FD0404F56D
:10773000407402D25B084FEA3202B61A65EB0305C9
:107740005B084FEA32024FF480104FF4002CB6EB86
:10775000020E75EB030E22BFB61A754640EA0C0006
:107760005B084FEA3202B6EB020E75EB030E22BF46
:10777000B61A754640EA5C005B084FEA3202B6EB87
:10778000020E75EB030E22BFB61A754640EA9C0046
:107790005B084FEA3202B6EB020E75EB030E22BF16
:1077A000B61A754640EADC0055EA060E18D04FEAD4
:1077B000051545EA16754FEA06164FEAC30343EA74
:1077C00052734FEAC2025FEA1C1CC0D111F4801F41
:1077D0000BD141EA00014FF000004FF0004CB6E73A
:1077E00011F4801F04BF01430020B4F1FD0C88BFD9
:1077F000BCF5E06F3FF6AFAEB5EB030C04BFB6EBE4
:10780000020C5FEA500C50F1000041EB045170BDD6
:107810000EF0004E4EEA113114EB5C04C2BFD4EB03
:107820000C0541EA045170BD41F480114FF0000E87
:10783000013C90E645EA060E8DE60CEA135594EA03
:107840000C0F08BF95EA0C0F3FF43BAF94EA0C0F06
:107850000AD150EA01347FF434AF95EA0C0F7FF47B
:1078600025AF104619462CE795EA0C0F06D152EACF
:1078700003353FF4FDAE1046194622E750EA4106B3
:1078800018BF52EA43067FF4C5AE50EA41047FF4C4
:107890000DAF52EA43057FF4EBAE12E74A0011D276
:1078A00012F5001211D20DD56FF47873B3EB62525A
:1078B0000ED44FEAC12343F0004343EA505323FA66
:1078C00002F070474FF00000704750EA013002D1DB
:1078D0004FF0FF3070474FF0000070474FEA410211
:1078E000B2F1E04324BFB3F5001CDCF1FE5C0DD91E
:1078F00001F0004C4FEAC0024CEA5070B2F1004F68
:1079000040EB830008BF20F00100704711F0804F6A
:1079100021D113F13872BCBF01F00040704741F42F
:1079200080114FEA5252C2F11802C2F1200C10FA33
:107930000CF320FA02F018BF40F001004FEAC12317
:107940004FEAD32303FA0CFC40EA0C0023FA02F3BB
:107950004FEA4303CCE77FEA625307D150EA013391
:107960001EBF4FF0FE4040F44000704701F0004061
:1079700040F0FE4040F40000704700BF80F000403F
:1079800002E000BF81F0004142001FBF5FEA4103F7
:1079900092EA030F7FEA226C7FEA236C6AD04FEAF7
:1079A0001262D2EB1363C1BFD2184140484041403C
:1079B000B8BF5B42192B88BF704710F0004F40F4EE
:1079C000000020F07F4018BF404211F0004F41F40A
:1079D000000121F07F4118BF494292EA030F3FD0D6
:1079E000A2F1010241FA03FC10EB0C00C3F12003E9
:1079F00001FA03F100F0004302D5494260EB400078
:107A0000B0F5000F13D3B0F1807F06D340084FEAE2
:107A1000310102F10102FE2A51D2B1F1004F40EBD7
:107A2000C25008BF20F0010040EA0300704749003F
:107A300040EB0000013A28BFB0F5000FEDD2B0FADC
:107A400080FCACF1080CB2EB0C0200FA0CF0AABFFF
:107A500000EBC25052421843BCBFD040184370479D
:107A600092F0000F81F4000106BF80F400000132A3
:107A7000013BB5E74FEA41037FEA226C18BF7FEA7A
:107A8000236C21D092EA030F04D092F0000F08BFBC
:107A90000846704790EA010F1CBF0020704712F0A3
:107AA0007F4F04D1400028BF40F00040704712F1E2
:107AB00000723CBF00F50000704700F0004343F047
:107AC000FE4040F4000070477FEA226216BF08467D
:107AD0007FEA23630146420206BF5FEA412390EA40
:107AE000010F40F4800070474FF0000304E000BF36
:107AF00010F0004348BF40425FEA000C08BF7047E7
:107B000043F0964301464FF000001CE050EA0102AA
:107B100008BF70474FF000030AE000BF50EA0102BF
:107B200008BF704711F0004302D5404261EB4101AC
:107B30005FEA010C02BF84460146002043F0B643D1
:107B400008BFA3F18053A3F50003BCFA8CF2083AF6
:107B5000A3EBC25310DB01FA02FC634400FA02FCFF
:107B6000C2F12002BCF1004F20FA02F243EB020006
:107B700008BF20F00100704702F1200201FA02FC68
:107B8000C2F1200250EA4C0021FA02F243EB02005B
:107B900008BF20EADC7070474FF0FF0C1CEAD0529F
:107BA0001EBF1CEAD15392EA0C0F93EA0C0F6FD060
:107BB0001A4480EA010C400218BF5FEA41211ED03E
:107BC0004FF0006343EA501043EA5111A0FB01312A
:107BD0000CF00040B1F5000F3EBF490041EAD371FF
:107BE0005B0040EA010062F17F02FD2A1DD8B3F17B
:107BF000004F40EBC25008BF20F00100704790F0EA
:107C0000000F0CF0004C08BF49024CEA502040EA3B
:107C100051207F3AC2BFD2F1FF0340EAC250704701
:107C200040F400004FF00003013A5DDC12F1190F3F
:107C3000DCBF00F000407047C2F10002410021FAB1
:107C400002F1C2F1200200FA02FC5FEA310040F1C9
:107C5000000053EA4C0308BF20EADC70704792F042
:107C6000000F00F0004C02BF400010F4000F013A7A
:107C7000F9D040EA0C0093F0000F01F0004C02BF75
:107C8000490011F4000F013BF9D041EA0C018FE7E4
:107C90000CEAD15392EA0C0F18BF93EA0C0F0AD0EA
:107CA00030F0004C18BF31F0004CD8D180EA010010
:107CB00000F00040704790F0000F17BF90F0004FA9
:107CC000084691F0000F91F0004F14D092EA0C0F8B
:107CD00001D142020FD193EA0C0F03D14B0218BF1E
:107CE000084608D180EA010000F0004040F0FE4064
:107CF00040F40000704740F0FE4040F44000704700
:107D00004FF0FF0C1CEAD0521EBF1CEAD15392EA7E
:107D10000C0F93EA0C0F69D0A2EB030280EA010C6E
:107D200049024FEA402037D04FF0805343EA111107
:107D300043EA10130CF000408B4238BF5B0042F165
:107D40007D024FF4000C8B4224BF5B1A40EA0C000A
:107D5000B3EB510F24BFA3EB510340EA5C00B3EB3C
:107D6000910F24BFA3EB910340EA9C00B3EBD10F2A
:107D700024BFA3EBD10340EADC001B0118BF5FEA7C
:107D80001C1CE0D1FD2A3FF650AF8B4240EBC250A5
:107D900008BF20F0010070470CF0004C4CEA502066
:107DA0007F32C2BFD2F1FF0340EAC250704740F4B5
:107DB00000004FF00003013A37E792F0000F00F0A7
:107DC000004C02BF400010F4000F013AF9D040EA25
:107DD0000C0093F0000F01F0004C02BF490011F4B9
:107DE000000F013BF9D041EA0C0195E70CEAD153B1
:107DF00092EA0C0F08D142027FF47DAF93EA0C0F98
:107E00007FF470AF084676E793EA0C0F04D14B027B
:107E10003FF44CAF08466EE730F0004C18BF31F02D
:107E2000004CCAD130F000427FF45CAF31F0004327
:107E30007FF43CAF5FE700BF4FF0FF3C06E000BFC0
:107E40004FF0010C02E000BF4FF0010C4DF804CDE3
:107E50004FEA40024FEA41037FEA226C18BF7FEAF3
:107E6000236C11D001B052EA530C18BF90EA010FF5
:107E700058BFB2EB030088BFC81738BF6FEAE17084
:107E800018BF40F0010070477FEA226C02D15FEA20
:107E9000402C05D17FEA236CE4D15FEA412CE1D08C
:107EA0005DF8040B704700BF844608466146FFE753
:107EB0000FB5FFF7C9FF002848BF10F1000F0FBD35
:107EC0004DF808EDFFF7F4FF0CBF012000205DF82E
:107ED00008FB00BF4DF808EDFFF7EAFF34BF0120B3
:107EE00000205DF808FB00BF4DF808EDFFF7E0FF4C
:107EF00094BF012000205DF808FB00BF4DF808ED9D
:107F0000FFF7D2FF94BF012000205DF808FB00BFFF
:107F10004DF808EDFFF7C8FF34BF012000205DF8E1
:107F200008FB00BF42000ED2B2F1FE4F0BD34FF060
:107F30009E03B3EB126209D44FEA002343F00043DF
:107F400023FA02F070474FF00000704712F1610F02
:107F500001D1420202D14FF0FF3070474FF00000D4
:107F6000704700BF7BB972B90029BEBF00204FF037
:107F7000004106E008BF00281CBF6FF000414FF031
:107F8000FF3000F077B8ADF1080C6DE904CE0029A0
:107F900009DB002B1ADB00F08CF8DDF804E0DDE9EA
:107FA000022304B07047404261EB4101002B1BDB10
:107FB00000F07FF8DDF804E0DDE9022304B0404280
:107FC00061EB4101524263EB43037047524263EB62
:107FD000430300F06EF8DDF804E0DDE9022304B0AD
:107FE000404261EB41017047524263EB430300F0B2
:107FF00060F8DDF804E0DDE9022304B0524263EBEF
:108000004303704753B94AB9002908BF00281CBF71
:108010004FF0FF314FF0FF3000F02CB8ADF1080CFD
:108020006DE904CE00F045F8DDF804E0DDE9022357
:1080300004B07047D0B5FFF7C7F90C4B00220646D5
:108040000F46FFF719FAFFF729FC0446FFF79AF9E4
:10805000074B0022FFF710FA02460B46304639461E
:10806000FFF752F8FFF71AFC2146D0BD0000F03DA3
:108070000000F041704700BF10F8012B11F8013BE0
:10808000012A28BF9A42F7D0D01A704710B50021B4
:108090000446FFF71FFF20B92046BDE81040FFF758
:1080A000C9BF04F10040FFF7C5FF404261EB410149
:1080B00010BD2DE9F0478C468E46089E15460446B5
:1080C0001946002B40F0D080724547D9B2FA82F7AA
:1080D0004FB1C7F120030EFA07FC20FA03F3BD40AD
:1080E00043EA0C0CBC404FEA154EA8B2BCFBFEF8AC
:1080F000230C0EFB18CC08FB00F943EA0C4399450E
:1081000028D9EB1808F1FF3204D2994502D9A8F119
:1081100002022B44A3EB0903A4B2B3FBFEFC0EFB4B
:108120001C330CFB00F044EA0344A04214D92C1980
:108130000CF1FF3304D2A04202D9ACF102032C446B
:10814000241A43EA02401EB1FC40002334607360ED
:10815000BDE8F0874246DDE76346F1E7002A79D0C3
:10816000B2FA82F3002B3FD01946C1F1200302FA84
:1081700001F52EFA03F20EFA01FE20FA03F343EAA8
:108180000E034FEA154E00FA01F4B2FBFEFCAFB24B
:108190000EFB1C201A0C0CFB07F842EA004290452B
:1081A0005AD9AA180CF1FF3004D2904502D9ACF18B
:1081B00002002A44A2EB08029BB2B2FBFEFC0EFBBB
:1081C0001C220CFB07F743EA02439F4246D9EB18F7
:1081D0000CF1FF3204D29F4202D9ACF102022B44CF
:1081E000DB1B42EA004202E0AEEB020301224FEA4F
:1081F000154EAFB2B3FBFEFC200C0EFB1C330CFB88
:1082000007F840EA034398452AD9EB180CF1FF30F0
:1082100004D2984502D9ACF102002B44A3EB080329
:10822000A4B2B3FBFEFC0EFB1C330CFB07F744EAC5
:108230000344A74216D92C190CF1FF3304D2A742EC
:1082400002D9ACF102032C44E41B43EA00400F4680
:10825000114678E71F2188E76046ABE76246BFE733
:108260006046DBE76346EFE7734506D916B90021A0
:1082700008466DE7C6E9000EF9E7B3FA83F787B958
:10828000734501D3824207D8841A6EEB03030120A1
:108290009C461EB900215BE73846FAE7C6E9004C68
:1082A000F8E7C7F1200CBB4022FA0CF51D4320FA79
:1082B0000CF12EFA0CF30EFA07FE41EA0E014FEA1A
:1082C000154900FA07F4B3FBF9F81FFA85FE09FB1C
:1082D00018300B0C08FB0EFA43EA00439A4502FAE9
:1082E00007F240D9EB1808F1FF3004D29A4502D9C1
:1082F000A8F102002B44A3EB0A0389B2B3FBF9F8FF
:1083000009FB183308FB0EFE41EA03418E452CD9C8
:10831000691808F1FF3304D28E4502D9A8F102038F
:10832000294443EA0040A0FB0298A1EB0E0141451D
:10833000CE46434602D306D14C4504D2B9EB020ED9
:1083400068EB05030138002EA4D0B4EB0E0261EBFC
:10835000030101FA0CFC22FA07F34CEA0303F9408B
:10836000C6E9003196E74046C5E74346D9E7000035
:10837000D0B5494CB4F90A00FFF714F800224FF0C9
:108380007C53FFF779F83CA3D3E90023FFF774F897
:108390003BA3D3E90023FEF7B9FE404B0022FFF7D1
:1083A0006BF83F4B0022FEF7B1FE0646207A0F46DF
:1083B000FEF7E8FF3B4B0022FFF75EF83A4B002246
:1083C000FEF7A4FE02460B4630463946FFF754F846
:1083D000064694F90C000F46FEF7E4FF334B0022EB
:1083E000FFF74AF8324B0022FFF746F802460B46E9
:1083F00030463946FEF78AFE0646A07B0F46FEF75A
:10840000C1FF2C4B0022FEF781FE02460B460020E6
:108410002849FFF75BF902460B4630463946FFF71D
:108420002BF8064694F90D000F46FEF7BBFF16A386
:10843000D3E90023FFF720F8194B0022FEF766FE70
:1084400002460B4600201649FFF740F902460B464C
:1084500030463946FFF710F80DA3D3E90023FFF7A4
:108460000BF8154B0022FEF74FFEFFF717FAE073EB
:10847000D0BD00BFAFF30080FCA9F1D24D62403FF8
:1084800055C1A8A44E40633FFCA9F1D24D62603FA4
:108490003333333333330B40D000002000006940C6
:1084A0000000F03F0000B03F008048400000503F17
:1084B00000003A4000001040000039400000000079
:1084C0002DE9F34125294768044698460AD80C2926
:1084D00005D9494B0D3989B2CB40D90704D46FF087
:1084E000850010E04C29FAD1D6B2152E06D1D8F865
:1084F0000050002D0ADA6FF0150004E020460BF062
:108500009CFA0028F3D002B0BDE8F081D8F804004E
:108510000028F0DB133E052EE1D8DFE806F003313A
:108520003B49515C142DE6DCFEF73CFF30A3D3E958
:108530000023FFF7CBF8064628460F46FEF732FF2A
:1085400002460B4630463946FEF7E0FDFFF7C6F916
:108550002A49FFF721FB2A49FFF7D2FBFFF7E2FC8C
:108560000DF10602ADF806000421204604F09CFA45
:108570000028C8D1606802B0BDE8F0410BF022BA13
:1085800040F6B8339D42B6DCADF806500DF1060258
:108590000621EAE7A5F52F73B3F5FA7FABD80DF105
:1085A000060208212046ADF8065004F07DFAAAE73D
:1085B000012DA0DCADF806500DF106020B21D4E729
:1085C000AA0798D13B7A002B89D0ADF806500DF15F
:1085D00006021621C9E7AB078DD13B7A002B3FF489
:1085E0007EAFADF806500DF106021821BDE700BFC1
:1085F0000000000080842E410900000100FF7F4739
:1086000000002F430000000070B5144606460846DF
:10861000FFF76EFA2146FFF7BFFAFFF737FD0E4D61
:1086200080FB05450AA3D3E9002320462946FFF72E
:1086300099FC0A4A3060002320462946FFF792FC45
:10864000064A0023FFF78EFC726070BDAFF3008016
:108650000010A5D4E80000003AA3950040420F00A6
:1086600070B5144606460846FFF742FA2146FFF762
:1086700093FA1349134DFFF743FBFFF707FD80FB08
:1086800005450BA3D3E9002320462946FFF76AFCE2
:1086900009A3D3E90023306029462046FFF762FC96
:1086A000094A0023FFF75EFC726070BDAFF30080E3
:1086B00000209BF35E10000080A812010000000063
:1086C00000002041D8EF2F0040420F0000000000C2
:1086D000032970B504460D4604D007294DD06FF02C
:1086E000850025E0B2B3072AF9D158681A68564BBD
:1086F000C117C2FB0301012871F100033ADB534BA0
:10870000C01841F100014CA3D3E90023FFF72AFC74
:10871000022826690DD010280DD004280DD0082875
:1087200028D1294620460BF09AF940B16FF0040099
:1087300070BD0025F5E70125F3E70225F1E7444B7D
:1087400033F815103D2081FB0001FFF7E7F9F060D9
:108750000020EDE719883F4B33F8020B814206D128
:10876000D1B2204604F0E2FA0028F1D0DEE701326F
:108770000C2AF1D16FF01500DAE7002A4BD0072A56
:10878000ADD15A681D683048D11713460A46C5FB5B
:108790000032B425A3FB0501012B05FB021172F188
:1087A000000228DB2C4BC01825A3D3E9002341F19C
:1087B0000001FFF7D7FBFA28266924D0B0F5FA7F2D
:1087C00023D0B0F57A7F22D0B0F5FA6F21D07D2882
:1087D000D0D10425294620460BF051F90028A5D117
:1087E0001E4B33F8151041F2171081FB0001FFF703
:1087F00095F9F061ACE71A4BC01861F1000110A3C4
:10880000D3E90023D5E70025E4E70125E2E70225C7
:10881000E0E70325DEE719880E4B33F8020B8142AF
:1088200004D1D1B2204604F069FA9DE701320C2A46
:10883000F3D19FE7AFF300803AA39500000000005A
:10884000D8EF2F000000000040420F009DD14A00E9
:108850004061030048610300ECF717003661030034
:108860001408E8FF38B500F063F8046800F064FA13
:1088700005680D4808F0C8FB28460CF078F820B9C8
:108880000A4808F0C1FB002038BD20460CF06FF804
:108890000028F5D0064808F0B7FB064806F0EAFACB
:1088A000054806F0E7FAEEE760610300686103003F
:1088B0007C610300000800207807002010B586B016
:1088C00004460D4B00940124CDE9031201940722C4
:1088D000002418688DF808409B888DF814209DF8B6
:1088E000142042F002028DF81420826869469468D0
:1088F0000222A04706B010BDD00000201FB50246DE
:108900000A4B01920222186802929B888DF80C2073
:108910009DF80C2042F002028DF80C20826801A91B
:1089200094680122A04704B010BD00BFD000002011
:1089300000487047D00000202DE9F04194B000F0CD
:108940002BFB44220021064668460CF081FCED23F7
:108950008DF80030354B03930127D919EC228DF89F
:10896000102007910222EE2106928DF820108DF83A
:1089700030209918DA1C043313932D4B2D4C0F9291
:108980009A1C05921A1D20680193099203F10C02AA
:108990000D33119314AB03EB001502970A970E9752
:1089A00012970D920B910DEB001055E91312FFF782
:1089B00085FFDFF884802168034690B955F8442C80
:1089C000C8F800003944177021602368042B1ED8B2
:1089D000A422002306F1480006F050F914B0BDE8C7
:1089E000F08115F8502C154808F00EFBD8F800302F
:1089F0000133022BC8F80030E7DD236855F8441C2A
:108A0000002201330A702360C8F80020DDE70C4B18
:108A10001A7DC2F301129A735A7D5A7300232360A0
:108A200006F1780005F026FFD8E700BFFB11002013
:108A3000D8000020F80C0020F40C00209F610300F7
:108A4000D0000020F0B585B000F0A6FA45F664131A
:108A5000ADF804305A238DF80830564B564DDB7B69
:108A60008DF8093071238DF8013074238DF80230B0
:108A70002B780446032B17D8DFE803F00221386671
:108A800001A8FFF73BFF4D4E0146183490B14C480A
:108A900008F0BAFA33680133022B336006DCA422F3
:108AA0000023204606F0EAF805B0F0BD4548032152
:108AB00008F0AAFA0023336001232B70EFE702A825
:108AC000FFF71CFF3D4E0146183458B13E4808F0F0
:108AD0009BFA33680133022B3360E0DD3B4803210E
:108AE00008F092FA002333600223E6E701220DF139
:108AF00003010DEB0200FFF7E1FE304F064618348C
:108B000080B10146324808F07FFA3B680133022BFE
:108B10003B60C4DD2F48032108F076FA00233B6058
:108B20000323CAE79DF8033023F00F0343F020032B
:108B3000712203A88DF803308DF80C208DF80D30CC
:108B4000FFF7DCFE3E60EBE701220DF103010DF1C2
:108B50000200FFF7B3FE194E0546C0B101461E489C
:108B600008F052FA33680133022B336004DCA4228C
:108B7000002304F1180095E71848032108F044FA8F
:108B80000023336004F1880005F074FE8CE79DF843
:108B9000033023F0030343F00103742203A88DF88C
:108BA00003308DF80C208DF80D30FFF7A7FE3560EF
:108BB000E8E700BFD000002000120020F00C0020E9
:108BC000C8610300E861030012620300326203001F
:108BD0005C6203007C620300A6620300CE620300B5
:108BE00007B52D2301220DF107010DF106008DF8C7
:108BF0000630FFF763FE30B1084808F005FA0020A0
:108C000003B05DF804FB9DF80730DA0601D4044890
:108C1000F3E7044A0120D376F2E700BFF7620300CE
:108C200012630300D000002073B52C238DF80430AC
:108C300001222D230DF1060101A88DF80530FFF763
:108C40003DFE10B1194808F0DFF901220DF10701CE
:108C50000DF10500FFF732FE10B1154808F0D4F908
:108C60009DF807309DF80620124D9C0944EA8204C5
:108C700003F00F034FF48020AB762C83D840FEF72F
:108C800033FF0D49FEF788FFA4F500744FF48053BD
:108C90000646032004FB0030FEF72AFF014630465B
:108CA000FFF72EF8286102B070BD00BF40630300DB
:108CB00059630300D000002000247449074A11784A
:108CC0004B1C03F007031370054B063103EBC10186
:108CD000486003F11C000BF0D7BF00BFFA11002061
:108CE000D0000020134B10B500221A7000F054F988
:108CF000002204460023483005F0C0FF0022002374
:108D000004F1180005F0BAFF4FF0FF324FF0FF33C7
:108D100004F1780005F0E2FD4FF0FF324FF0FF3331
:108D200004F1880005F0DAFDFFF722FBBDE81040F2
:108D300007F011BF001200200048704740010020DA
:108D400070B5174D00F028F92B78012B044612D08E
:108D5000022B18D01BBB134A252152F8040C07F034
:108D600025FF01232B7004F19800A422BDE8704078
:108D7000002305F083BF0C4A0D2152F80C0C07F0BC
:108D800015FF0223EEE7094A102152F8140C07F0F0
:108D90000DFF04F1C800BDE8704005F06BBD70BD6B
:108DA00001120020440100204C0100205401002049
:108DB00010B500F0F1F8094B00221A7004460022A9
:108DC0000023983005F05AFF4FF0FF3204F1C8003D
:108DD0004FF0FF33BDE8104005F080BD01120020C8
:108DE00070B5FFF7A5FD054600F0D6F82249044608
:108DF00048300BF0E2FF214904F118000BF0DDFFD1
:108E000005F11C0630460BF037FF0122002104F16A
:108E100078000BF052FF012204F1880000210BF0D2
:108E20004CFF00244FF0FF324FF0FF33144805F0A1
:108E30002DFCFFF757FFFFF7D3FEC0B1FFF7F4FE9D
:108E40002869FFF73BFF072C05D00134E4B20C483A
:108E500005F08EFCE6E7304607F088FEFEF7B4FA30
:108E600002460B46074808F0CFF80024EFE7064813
:108E700008F0CAF8EBE700BF39890200458A020012
:108E80006006002072630300986303002DE9F04F31
:108E900087B0FFF751FF044600F07EF83A490546D7
:108EA00098300BF08AFF0122002105F1C8000BF079
:108EB00004FF04F11C0630460BF0DEFE04F130071F
:108EC00038460BF0D9FE04F1440A002550460BF059
:108ED000D3FE8DF815508DF816508DF817504FF0C1
:108EE000FF324FF0FF33294805F0D0FB206883683C
:108EF0004C21DB689847002806DA254808F084F8FA
:108F0000224805F035FCEAE7FFF752FF6068334678
:108F10000DF1160204F1980107F04BFE0135E068EF
:108F20003B460DF1150204F1D80107F042FEEDB207
:108F3000606953460DF1170204F58C7107F039FE94
:108F4000082DDDD1304607F041FE8046384607F057
:108F50003DFE0546504607F039FE83464046FEF783
:108F600033FA804658468946FEF72EFACDE90201CB
:108F70002846FEF729FA4246CDE900014B4605484E
:108F800008F042F80025BBE7418D02006006002092
:108F9000C5630300DD6303000048704788080020B4
:108FA00008B5024808F030F8002008BD106403003E
:108FB000014B1B68184700BF98020020014B186046
:108FC000704700BF9802002030B5044685B00D46BA
:108FD0001022002168460CF03BF902238DF8023084
:108FE0002A46044B01932146684606F09DFD05B0D4
:108FF00030BD00BFB18F02002DE9F047058B04465C
:10900000280717460CD501290CBF45F0100545F07F
:109010002005258387F31188BFF36F8FBDE8F087A4
:10902000022905F0070540F09480204608F014F866
:10903000052864D801A353F820F000BF1590020062
:1090400053910200FF900200C1900200DB900200E9
:10905000ED90020001F007035A1F012A1FD80022D9
:1090600021F00701062BD4F8008089B2C4E9002260
:1090700009D1434603E0628B013262831B68002BF7
:10908000F9D141F002012183204607F0E5FF4FF0BE
:10909000000900286DD041F02001218369E0042BF4
:1090A0000AD121F0070189B22183204607F0D4FFBD
:1090B00010B141F0200121834FF00008C14658E073
:1090C0002369D3F80090238B23F0070343F00603B2
:1090D00023834FF0000846464BE02369D3F8049001
:1090E000238B23F0070343F00403F1E72369D3F84C
:1090F0000890238B23F0070343F00503E8E74FF0C4
:109100000008C146E7E7012243F00803238387F301
:109110001188BFF36F8F002A3BD1B8F1000F4AD1FD
:10912000B9F1000F02D02D492046C847EFF311874F
:10913000202383F31288BFF36F8F238B23F0080360
:109140009BB22383D9063FD523F01002228303F07C
:1091500007056669218B002EBFF67CAF0023D4F88B
:10916000008021F00701C4E9003341F001012183AF
:109170009946238B03F0070AAA4502D0A268002A69
:10918000C1D1B8F1000F02D1B9F1000FDAD000223D
:10919000BAE7A1680029C0D00D680029BDD04F688A
:1091A000334652462046B8471DB12B6829461D4616
:1091B000F3E72B46FAE74146334652462046D8F8B5
:1091C000008007F075FFA8E79A067FF523AF23F02C
:1091D0002002228303F0070527E700BFDD1003000C
:1091E000014B036000207047D85D030007B51B49A1
:1091F0001B4808F064FA70BB1A49194808F05FFA76
:1092000048BB1949164808F05AFA20BB17491448B8
:1092100008F055FAF8B90146154A114808F036FD2C
:10922000C8B9024613490E48012308F009FE90B957
:1092300001230093014602230948EF2208F049F96F
:1092400048B9074808F06EF928B9054803B05DF839
:1092500004EB08F097B903B05DF804FB100300209D
:10926000E4060020F8020020E0020020C8020020EE
:109270009C0200204B64030080B505460E4617464D
:10928000984606F04FF9034600F000FCDFF818900E
:10929000044649F80030424630463946A84754F85B
:1092A000090000F08FFB00BF0800000008B503486C
:1092B000034A0021121A08F06BF808BD7807002055
:1092C000541200200748084A084908B5121A08F045
:1092D00061F80748074A0849BDE80840121A08F033
:1092E00059B800BF0000002078070020CC690300B7
:1092F0000000002000000020CC69030038B50546BE
:109300000C4699B1D1E901230F48096807F07CFEAA
:10931000D4E90423E1680D4807F076FEE1690C48C2
:1093200007F072FEA1690B4807F06EFE012D05D112
:10933000EFF305810848103907F066FE21462846FC
:10934000BDE8384004F04ABF64640300946403003D
:10935000C4640300D46403000365030030BFFFF757
:10936000FDBF00BF2DE9F0410B4EDFF8308006EB6A
:109370000807CC1B05463246094920460BF05AFF28
:10938000A01942460021083C0BF062FFAC6707F1D0
:109390000800BDE8F08100BF0000000008000000E8
:1093A0003C5B03002DE9F843324D80463248894644
:1093B000174607F029FEAB6ADE0622D52F4807F0D4
:1093C00023FE1124AB6A1D0703D52D4807F01CFEB0
:1093D0001224284DAB6A980715D52A4807F014FEC9
:1093E0006E6BAB6A190642D52748314607F00CFE72
:1093F000B9F1000F03D0AB6A23F08003AB621324F2
:1094000003E01024DEE76FF015061A4DAB6ADA07A9
:1094100003D51E4807F0F8FD1424AB6A9B0603D55C
:109420001B4807F0F1FD1524124B9A6AD50602D4A9
:109430009A6A90070AD55B68190507D541463046F8
:1094400000F076FA10B180F309880224094B9A6A79
:10945000920642BF5A6A22F400525A629A6A42F055
:10946000FF029A6200233B702046BDE8F8836FF04C
:109470001506C4E700ED00E0176503002E65030044
:1094800062650300766503008F650300A66503002F
:10949000C665030010B51D4C1D4807F0B5FDA36A55
:1094A000990130D51B4807F0AFFD1E20A36ADA01F1
:1094B00003D5194807F0A8FD1F20144CA36A1B030D
:1094C00003D5164807F0A0FD2120A36A590303D550
:1094D000134807F099FD22200C4CA36A9A0303D588
:1094E000104807F091FD2320A36ADB0303D50E4843
:1094F00007F08AFD2420054A936A6FEA03436FEA66
:109500001343936210BD1D20D0E700BF00ED00E0C3
:10951000F66503000F660300236603003E66030042
:109520005D660300836603009E66030070B5244CED
:10953000064624480D4607F067FDA36AD90435D5D1
:10954000214807F061FD1720A36A1A0503D51F48BB
:1095500007F05AFD18201A4CA36A9B050FD51C482A
:1095600007F052FDA16BA36A180407D5194807F04C
:109570004BFD1EB1A36A23F40043A3621920104CD3
:10958000A36A590503D5144807F03EFD1A20A36AC3
:10959000DA050DD5114807F037FD1B20084A936AFC
:1095A00043F47F43936200232B7070BD1620CBE7FA
:1095B000A36A9B04F2D50A4807F026FD1C20EDE7BC
:1095C00000ED00E0CA660300E16603006265030087
:1095D000F36603000D670300236703003F67030082
:1095E000C66503002DE9F0415D4B5F688AB0044613
:1095F000C7F30806002585F31188BFF36F8F02F0CB
:109600007F43B3F17F4F06D102F00C03082B13D137
:10961000544807F0F9FC00252C464FF00008F31ED3
:109620008DF80780092B00F28C80DFE803F00A80B8
:10963000847C8A8A8A8A8A8810074CBF0C46012556
:10964000EBE74948464E07F0DFFC8DF80780F36AE8
:109650009A0704D5454807F0D7FC00232AE0F36AAF
:10966000002B01DA4248F6E7F36A5B00F5D5414882
:1096700007F0CAFC7369A26943F480737361BFF396
:109680004F8FBFF36F8F32F8023C726922F4807201
:109690007261BFF34F8FBFF36F8F03F47F42B2F558
:1096A0005F4F27D1DBB2022B24D12168324807F06B
:1096B000ABFC23689DF80720CAB902AE04F120076D
:1096C00020686168324603C20834BC421646F7D1AE
:1096D000099A002D41D0C2F3080121B96FEA522244
:1096E0006FEA4222099202A91846FFF707FE0AB064
:1096F000BDE8F0811A4B9A6AD2B232B10DF107027D
:1097000001212046FFF74EFE0FE09A6A12F47F4FC8
:1097100005D00DF107010120FFF708FF05E09B6A66
:10972000B3F5803F99D3FFF7B5FE0346C2E70DF1CD
:1097300007020021E5E70DF107010020ECE70F48E3
:1097400089E70F4B0F49104817F4F87FA6F1100274
:1097500008BF194607F058FC7FE76FF30802C1E71E
:1097600000ED00E086670300B2670300CA670300EC
:10977000EC670300FB6703001B6803003868030005
:10978000586703006D6703005D680300044B5A6966
:1097900042F010025A615A6922F008025A61704779
:1097A00000ED00E0EFF30880EFF3098101B57246A8
:1097B000FFF718FF01BD00BF0B4880F3088803F0D6
:1097C000D1FD202080F3118808484FF4046140182F
:1097D00080F30988EFF314800221084380F3148892
:1097E000BFF36F8F00F06CF8402F00208021002025
:1097F0001EF0040F0CBFEFF30880EFF309808169BE
:1098000011F8021C0229FFD001B5724607F0C4FD11
:1098100001BD00BF40B2002807DB044A4109012313
:1098200000F01F00834042F82130704700E100E063
:1098300040B200280CDB4309064900F01F0020332A
:109840000122824041F82320BFF34F8FBFF36F8F77
:10985000704700BF00E100E0054B420900F01F0027
:1098600053F82220012303FA00F01040704700BF94
:1098700000E100E040B20028A8BF00F1604001F123
:109880000101B8BF064B4FEA4111ACBF00F5614082
:1098900000F00F00C9B2B4BF195480F8001370472C
:1098A00014ED00E0044B054A23F07F039360BFF3FF
:1098B0004F8FBFF36F8F70470070020000ED00E024
:1098C00008B5FFF7EFFF0B4AD2F8883023F4700396
:1098D000C2F88830EFF3148323F0040383F3148871
:1098E000BFF36F8FFFF7E2FCFFF7ECFC00F0B0F87E
:1098F00004F03AFD00ED00E042F8203C009B42F805
:109900001C3C0A49019B42F8183C029B42F8143C5B
:1099100021F001014FF0807342F8043C42F8081C2A
:109920000023203A0265C367704700BF79920200A6
:10993000094A0346906870B113F1160F806E05D086
:10994000A0F14002934205D3834203D2814228BF53
:109950000020704700207047C011002008B5154650
:109960000B4A0C4B9060826F1A600E4600F0A0F814
:109970002C4686F309880020034B98472046002197
:1099800000220023014C2047BD13030079920200FE
:10999000C0110020FC0C0020014B10221A617047FE
:1099A00000ED00E0054B5A699B689A421FBF044ACC
:1099B000536843F080535360704700BFC0110020CC
:1099C00000ED00E0084B9B6883420BD1EFF3058369
:1099D00043B1064B5A6842F080525A605A6A22F4E8
:1099E00000425A620BF00BBAC011002000ED00E0FB
:1099F00014498A684FF030001044EFF3098C80E876
:109A0000F01F202080F31288BFF36F8F0E4F4FF0AE
:109A100000664A698A603E60906F0C4C2060D06F8F
:109A20000023D36780F3118804B5104600F040F896
:109A3000BDE8044002F1300090E8F01F8CF3098883
:109A400070470000C011002004ED00E0FC0C002075
:109A5000044800232021C2180133302B82F8001360
:109A6000F9D1704700E100E008B5EFF30583064A3D
:109A7000103B02EBC30152F8330049688847BDE848
:109A80000840FFF78FBF00BFE4570300014800689C
:109A900070470000FC0C0020024B034A03480121E0
:109AA00000F076B80000042000000020D85D03001C
:109AB000836E054A403B1360044B4021C2E9011309
:109AC0001046012100F06EB8000D002000000B15BB
:109AD000084AC2F898000B6823F01F03034343F0C1
:109AE0001003C2F89C308B6843F00103C2F8A03029
:109AF000704700BF00ED00E02DE9F043DFF8608023
:109B000085B00E461F4604464FF00009B14523DAE2
:109B10006068D8B13FB1411E08421BD11F2819D936
:109B20002368194216D12368019307F05BFCA368F0
:109B300003430393D8F89050C5F30725D0B2013DF5
:109B4000A84207D801A9FFF7C3FF421C09F1010988
:109B50000C34DBE76FF01502104605B0BDE8F0836A
:109B600000ED00E0044B0522C3F89420BFF34F8FB3
:109B7000BFF36F8F704700BF00ED00E0BFF35F8F52
:109B8000024B0022C3F89420704700BF00ED00E0B4
:109B900010B5034C01232278FFF7AEFF207010BDF3
:109BA0000212002008B50B4A00231278FFF7A4FF29
:109BB00010F1160F07D0084A0021D2F89030C3F3F5
:109BC0000723984200DB08BDC2F89800C2F8A01035
:109BD0000130F2E70212002000ED00E02DE9F04331
:109BE0005A4B5B4DD3F890302C68C3F307239C424B
:109BF00085B000F2A780FFF7C1FF00200C26844249
:109C00001AD1544EDFF8449134706846FFF7E8FAF1
:109C1000514C524D80460027B84514D133784B49FA
:109C20000020D1F89020C2F307229342C0F2848032
:109C3000FFF798FF002045E0696806FB0011FFF779
:109C400047FF0130DBE7009800EB07114FEA071CE4
:109C5000CB682340B3F5000F4DD00AD8B3F5001FF1
:109C600033D0B3F5800F3BD0B3F5801F13D001374D
:109C7000D2E7B3F1007F47D0B3F1805F4DD0B3F1AD
:109C8000807FF4D150F80C3088684A6807F0AAFB4E
:109C900040F0887009E050F80C3088684A6807F096
:109CA000A1FB40F0885040F43020CDE9012303901F
:109CB000D9F890303078C3F30723013B984234D968
:109CC0006FF0150005B0BDE8F08350F80C308868DF
:109CD0004A6807F087FB40F0885040F40020E4E732
:109CE00050F80C3088684A6807F07CFB40F0C06090
:109CF00040F40030D9E750F80C3088684A6807F023
:109D000071FB40F08270D0E750F80C3088684A68E8
:109D100007F068FB40F48020C7E750F80C308868F3
:109D20004A6807F05FFB2843BFE701A9FFF7D0FEB1
:109D30003378013333709AE7C1F89830C1F8A00046
:109D400001336EE74FF0FF30BCE700BF00ED00E0ED
:109D5000E45D0300021200200000F0FF0000021189
:109D600008B5024B1B689847002008BD0C0D002069
:109D7000034B044A1860937843F0020393707047D2
:109D80000C0D00202803002008B50649064821F0E4
:109D90000701C1F1005202F5802207F0F2F800201D
:109DA00008BD00BFFF420020100D002070B54169C2
:109DB000867A0B4D044659B1437ADB0706D4242337
:109DC00003FB0653DB691B689B68984700236361AC
:109DD0002420214600FB0650BDE870400AF05FBF1A
:109DE000C0060020024B242202FB0030704700BF57
:109DF000C00600202DE9F04385B005466846039172
:109E000090461C460BF051F9DDE90067EFF311892C
:109E1000202383F31288BFF36F8F6B8A002B41D00E
:109E20002A8A9A4225D900220023284604F0F0FC11
:109E30000446F0B189F31188BFF36F8F039B002BA9
:109E400041D032463B4668460BF054F9A27A264B85
:109E5000242101FB02332046DB691B6803A91D682E
:109E6000DDE90023A847606170BB2046FFF79EFF35
:109E700024E0698A4B1E6B8289F31188BFF36F8FD0
:109E80002B7D2A8A2C6A1B3323F00303521A02FB10
:109E90000344154B154AEB1A9B105343A3722B7DB9
:109EA000E372CBE789F31188BFF36F8F23464246F5
:109EB000284604F0ADFC04460028BFD1002420460B
:109EC00005B0BDE8F0836361012300252381039B76
:109ED0006382E27A6560294604F118000BF0B8F954
:109EE00063692582E360EAE7C0060020398EE33823
:109EF000F8B5124D0024242600B9F8BD00F108027F
:109F00004768BFF35B8F52E8003F591E42E8001CD0
:109F1000BCF1000FF7D1BFF35B8FDBB2012BECD1AB
:109F2000837AC46006FB035344609B6913B198476E
:109F30003846E1E7FFF73AFFFAE700BFC006002026
:109F40000C4B0122C3F840254FF080434FF0805165
:109F5000C3F87825D1F83001082805D1D1F834119B
:109F6000022908BFC3F838260122C3F88025002043
:109F7000704700BF00E0014048B1054B054A1B682F
:109F8000B3FBF2F35843044B43F001031847704707
:109F90009C05002040420F00405B030008B5054AC5
:109FA000054B136010463F23536003F0B1FA0020C5
:109FB00008BD00BF1C0D0020FFFF0F002DE9F04180
:109FC00090F8283003F01F03012B04460F4600F1E0
:109FD00028062FD0022B18D08BB394F829102046D6
:109FE00007F013FB024678B3304607F0F8FB1D4D2F
:109FF000002834D113693BB33A463146204698478E
:10A000000346FFF743FD2B5024E0818DC9B207F0D2
:10A01000DDFE05460028E0D0304607F0E0FB0246B2
:10A0200068688368CAB99B6873B13A463146BDE82F
:10A03000F0411847818DC9B207F0AFFEE9E790F80B
:10A04000291007F0E6FEE4E7FFF720FD054B6FF06F
:10A0500085021A500020BDE8F081DB68E4E7D36890
:10A06000C9E700BF0C0000002DE9F04F0B7E33F074
:10A07000800893B004460D46164640F08E847AB1AF
:10A080000846FFF735FF6B7EDF0703D49E0711D527
:10A090002B7E7BB9204613B0BDE8F04F07F0CBBB59
:10A0A0004A7E00F12809900708D5802B0CD128465C
:10A0B000FFF71EFF404613B0BDE8F08F910700F098
:10A0C0002784002B40F02484D2072FD52B8A082B1D
:10A0D00040F00684EA681368A3625368C9F8043044
:10A0E0002946002007F0ABF9054610B1FFF700FF45
:10A0F000EFE0484607F073FBE28D70B9B2B1294634
:10A10000A06908F0BFFE0146002800F02D8420461B
:10A1100013B0BDE8F04F07F0FFBF3AB1114620463B
:10A1200007F0F5FF0546002800F01E84FFF7AEFC9F
:10A1300094F82880B14F002318F0600FC351C8F382
:10A14000411307D0032B40F0BD81FFF79FFC6FF058
:10A15000850337E0484607F042FB94F82930002891
:10A1600040F04E81013B0A2BEFD801A252F823F0B8
:10A17000E7A202004BA1020073A302004BA1020060
:10A180009DA102004BA102004BA102004BA10200C5
:10A190000DA202004BA102006FA20200618D7F2977
:10A1A000D3D8A38D002BD0D1E38D002BCDD118F0C7
:10A1B0001F0FCAD194F83030022B05D1FFF766FC8F
:10A1C0004FF0FF333B5076E0A069036993F880308D
:10A1D0001B0707D5C9B207F064FB804628B1002DE4
:10A1E0006CD167E7012384F8393094F83030012BC3
:10A1F0000AD1638D43B984F83030FFF747FC3B58F0
:10A20000002B00F0858056E00123F4E7204607F09C
:10A210005BF9628DFF2A014697D8E38D002B94D11C
:10A2200094F82830D80690D194F83030002BC5D05F
:10A230002AB1D2B2204607F0D6FC0028BED0618DEC
:10A2400094F838308B42D8D0C9B2204607F0D2FCFF
:10A2500080460028C3D1628D002A14BF0223012347
:10A2600084F830300521204607F0E1FFC5E708F00B
:10A270001F08B8F1010F7FF468AFE38D002B7FF466
:10A2800064AF628DFF2A3FF660AFA18DFF293FF6D4
:10A290005CAF94F83030022B90D1D2B2C9B22046D4
:10A2A00007F0B8FE10F1020F804640F01081FFF772
:10A2B000EDFB47F8008065B14FF000082846FFF736
:10A2C00017FEB8F1000F7FF4F5AEFFF7DFFB3B5848
:10A2D000F3B1484607F083FA0346A069002B00F06B
:10A2E0004F83802155E3E38D002B7FF42EAF94F84C
:10A2F0003030002B3FF462AF012BA18D02D1002939
:10A300007FF45CAF18F01F080CD0B8F1020F16D024
:10A31000E38D002B40F0D782204607F076FA002824
:10A32000D7D1B7E600297FF449AF638D012BEFD178
:10A3300094F86C3061F3C30384F86C30E8E7B4F848
:10A340002AA0BAF1000FE3D15FFA81F84146204616
:10A3500007F053FF0346FFF799FB3B50013302D14F
:10A360004FF0FF383BE752464146204607F03DFAA2
:10A3700043E7E38D002B7FF4E8AE628DA38D022AC4
:10A380005FFA83FA11D108F01F085AEA08087FF42F
:10A39000DCAEA0690122190A07F060FA00287FF4F8
:10A3A000D4AE012384F8393027E794F8301000291F
:10A3B0003FF404AF012902D1002B7FF4FFAE18F067
:10A3C0001F0811D0B8F1020FA2D1002AA0D1514626
:10A3D000204607F0FDFE0346FFF758FB3B500133D4
:10A3E000BED001225146C0E7002B7FF4E7AE012A20
:10A3F0008ED194F86C3043F008039DE70C00000008
:10A400000A2B3FF6A2AE01A252F823F039A40200B3
:10A410004BA102004BA102004BA102004BA1020084
:10A420004BA10200B3A402004BA1020043A802000A
:10A430004BA102006DA80200E38D022B7FF485AED4
:10A4400094F83030002B3FF4B9AE012BA18D02D12E
:10A4500000297FF4B3AE18F01F0811D0B8F1020F35
:10A460001CD04FF0000805F10C0A504607F0AFF978
:10A47000E38D984218D2FFF709FB6FF00B03A1E6BA
:10A4800000297FF49BAE94F86C304FEA930808F0F3
:10A490000208C3F3001348EA0308E4E7C9B2204600
:10A4A00007F0BAFE8046DEE74146504606F0EAFF76
:10A4B000A3E6B4F82AA018F01F0F4FEA1A235FFA98
:10A4C0008AFA09D029462046FFF778FD8046B8F180
:10A4D000000F7FF484AE90E6013B0E2B3FF635AEC5
:10A4E00001A252F823F000BF25A5020065A50200D5
:10A4F0000FA602004BA102004BA1020007A602001A
:10A5000007A602004BA102004BA102004BA10200D2
:10A510004BA102004BA102004BA102004BA1020083
:10A5200051A7020005F10C08404607F050F9834698
:10A530002046B4F82EA006F0C7FF20B101287FF412
:10A5400004AE616F00E0216F002900F02A820A78D2
:10A55000DA4528BFDA46524528BF5246404606F043
:10A5600080FF4AE6204606F0AFFF0AF101020190A3
:10A570000146D2B2204607F010FB804600283FF487
:10A58000E4AD05F10C0AD0F804B0504607F01FF90D
:10A590009BF80020824228BF02465946504606F0EA
:10A5A00060FFD8F80CB0BBF1000F09D1298AE38D08
:10A5B00099427FF622AEC91A504606F06DFF1CE69E
:10A5C000DBF8040083681B6B13B9DBF800B0EAE723
:10A5D000019998470028F8D0A0F1040858F8041F02
:10A5E0000029F2D00A78002AEFD05046CDE90221A6
:10A5F00007F0EDF8029A0399904238BF82B25046B4
:10A6000006F02FFFEAE7204606F05EFF9DE5524682
:10A610000321204607F039F8824600283FF495AD23
:10A6200007F0D0F8B4F82EB09AF81530C8B99AF8F7
:10A6300014808DF828808DF82930DAF8103005F173
:10A640000C0A1B88ADF82A30504607F0C0F8C34505
:10A650005A4628BF4246824228BF02460AA95046AF
:10A660007DE7DAF808208DF81530C14B1340C14A58
:10A670004FF0000893428DF8148058D1102106A89D
:10A6800008F023FE021EFFF660AD0AA9102ADFF8CB
:10A69000E8E20DF1180C084628BF1022424501F1EE
:10A6A000020133D8920002325FFA82F88DF81480EA
:10A6B000034605F10C0A5046029307F088F8D84586
:10A6C000424628BF5A46904228BF10460228834679
:10A6D000804628BF4FF0020B5A46A8EB0B0805A98D
:10A6E000504606F0BEFE4FEA58030193029B9B467C
:10A6F00003EB5802934521D118F0010F3FF47DADD3
:10A70000019A995C504606F0B5FE76E51CF8013BCF
:10A710004FEA131A03F00F031EF80AA01EF80330C5
:10A7200001F802AC01F8013C08F10108B6E79AF81B
:10A730001480DAF810308DF81480BAE71BF8011B8A
:10A740005046CDE9023206F09DFEDDE90232D1E746
:10A75000204606F0B9FE38B101282CD0FFF796F953
:10A760006FF085033B5048E5236F002B00F0198103
:10A770005B88B3F5007FF1D9804B0A9300238DF8F5
:10A780002C30E36C04F14C0B9B4508BF0023BDF853
:10A790002A10A3B15A7D0F2A08D11A7D0A44ADF8B8
:10A7A0002A209DF82C2001328DF82C20226D934216
:10A7B00003D01B68EBE7636FD7E7BDF82A10019160
:10A7C00005F10C0A504607F002F8B4F82E80019902
:10A7D000884528BF8846804528BF80464246052ACE
:10A7E00028BF05220AA95046019206F03AFE019AB6
:10A7F000B8EB02083FF401ADE36C5B453FF4FDAC00
:10A80000002B3FF4FAAC5A7D0F2A14D11A7D196936
:10A810000193424528BF4246504606F022FE019B66
:10A820001A7D424594BFA8EB0208A8EB0808B8F1CE
:10A83000000F3FF4E2AC226D93423FF4DEAC1B68A4
:10A84000DEE794F83030002B3FF4B8ACE38D012BF9
:10A850007FF47BAC05F10C08404606F0B8FF0028F9
:10A860003FF409AE94F8381040464CE708F01F0852
:10A87000B8F1010F7FF4A2AC204607F0A2F900283E
:10A880003FF49CACB4F82CA0BAF1FF0F3FF65DACDE
:10A8900043681B795345FFF458AC5FFA8AF30F2BDA
:10A8A0003FF653ACE38D012B7FF44FAC05F10C0860
:10A8B000404606F08CFF00283FF4DDAD04EB0A03B0
:10A8C00093F83A10D0E7484606F089FF18B92846B1
:10A8D000FFF70EFB20E52946204607F01DFC08B1D6
:10A8E000284603E4A069036993F8801011F004017D
:10A8F0007FF4D0AB08F0DAFA054600283FF4E9AC63
:10A900000146204607F008FC00283FF4C3ABE7E708
:10A9100052077FF5DEAC002B3FF4C9AB2846FFF7AA
:10A92000E7FA94F83930002B3FF4C4AB94F829309F
:10A93000052B05D1618DA069C9B206F0B2FF0646AC
:10A9400094F82930032B09D1638D022B06D1A18DF8
:10A95000A0690022090A06F081FF0646002384F858
:10A960003930B046FFF7A6BB6FF00B06B1E400BF6D
:10A9700000FF0200000302009E690300050F0500AE
:10A98000E38D002B3FF4ADAC16F10C0118BF012193
:10A99000C90108F090F9FFF77DBB6FF00408FFF7DD
:10A9A00089BB6FF015081AE40B78062B10B414D18C
:10A9B0000369D3F89C20EFF31184202383F31288DA
:10A9C000BFF36F8F4B6800201860506A58B9C2E916
:10A9D000083384F31188BFF36F8F044810BC002242
:10A9E00000230AF0B2B803605362F2E77406002055
:10A9F0002DE9FF4120264FF0FF335E484FF0FF3234
:10AA000001A903F0DFFD039B1B69D3F89C40236A77
:10AA100093B1EFF3118286F31288BFF36F8F216A2F
:10AA200029B1606A0B682362814208BF636282F3C6
:10AA30001188BFF36F8FC9B99DF80430062BDAD0A7
:10AA4000072BD8D801A252F823F000BF9FAA02001A
:10AA500093AA0200BFAA0200A5AA0200E3AA02006C
:10AA6000D9AA0200F7A902006DAB02000B7ED1F853
:10AA70001E205D06204609D1FFF7F6FA024600289F
:10AA8000C5D00721204607F0D2FBC0E707F095F9B3
:10AA9000F4E700220121204607F0C9FBABE70022C2
:10AAA0001146F8E794F86C3043F0040301A984F8E8
:10AAB0006C30204606F01DFF00220321EBE794F8DE
:10AAC0006C3023F0040301A984F86C30204606F0B2
:10AAD00010FF00220221DEE701A9204606F009FF4F
:10AAE00089E794F86C30A76923F0040384F86C308C
:10AAF000D7F808803B69BFF35B8FD3F8A030BFF372
:10AB00005B8F9A072FD5D8F83C3038469847D8F84D
:10AB10002430002138469847D8F84030054638465A
:10AB20009847ADB92946204607F064F8054678B93C
:10AB3000A06908F0DAF9831E5842584194F86C3045
:10AB400084F8305023F0680343EA401384F86C30F3
:10AB500000220421204607F06AFB002D3FF44BAF92
:10AB60002A46072197E74FF0FF35F1E7029A0621C1
:10AB700091E700BF7406002030B589B000220023A1
:10AB8000CDE9062300246FF00703CDE90334CDE9B6
:10AB900001441A4B1A4900944FF48062194804F09A
:10ABA0008DF9194917480AF027F9184B18498B42B3
:10ABB00007D3184B184900208B4210D3002009B04E
:10ABC00030BD03F11402BFF35B8F52E8000F42E87F
:10ABD0000045002DF9D1BFF35B8F1833E7E703F190
:10ABE0001402BFF35B8F52E8004F42E80005002DCE
:10ABF000F9D1BFF35B8F1833DEE700BFF1A9020084
:10AC0000001B00206009002080680300600700200E
:10AC100078070020780700207807002038B5024622
:10AC200009490546806908F0C6F9044648B985F81F
:10AC30003800284606F0B4FE044610B1A86908F0B2
:10AC4000EDF9204638BD00BFA9A9020070B5084C37
:10AC5000084E0546B44202D30024204670BD636806
:10AC600028461968FDF708FA0028F6D01834F1E7ED
:10AC7000600700207807002070B50646EFF31181C9
:10AC8000202383F31288BFF36F8F1B4D2A6881F353
:10AC90001188BFF36F8F526892F86C20D20705D4E9
:10ACA000BDE870402122002304F01CB8EFF31182AC
:10ACB00083F31288BFF36F8F2C682CB16968236807
:10ACC0002B608C4208BF6B6082F31188BFF36F8FDB
:10ACD00044B1606804F10801C369984707482146F8
:10ACE00009F0E3FE2B6833B130460022BDE8704026
:10ACF000002303F0C3BF70BD240D002030060020E8
:10AD000030B585B0CDE90012054600221448002375
:10AD100003A903F0C3FB0246E8B9039BDDE9000188
:10AD20005D60083383E80300EFF31180202383F391
:10AD30001288BFF36F8F039B1A600A4A516861B98A
:10AD4000C2E9003380F31188BFF36F8F06480022F9
:10AD5000002303F093FF05B030BD0B605360F1E7B3
:10AD600030060020240D00200000002038B54B786C
:10AD7000046945682069202B08D0222B19D0FEF7E2
:10AD800085FE114B6FF085021A5010E0CB88072B1F
:10AD9000F5D1D3681A6842609A8802819B798372E0
:10ADA00007F066FA22460821284607F04EFA0020EE
:10ADB00038BD4B888381C3F3400203F00103027660
:10ADC000437622460921EFE70C00000008B5134640
:10ADD0004A78212A14D133B9FEF758FE0B4B6FF095
:10ADE0000B021A500AE0CA8801690969072A28BFBC
:10ADF0000722043103F10C0006F033FB002008BDEC
:10AE0000FEF744FE014B6FF08502EAE70C000000FC
:10AE100073B504698DF807102025EFF3118685F3CB
:10AE20001288BFF36F8F0122E06B0DF1070106F06E
:10AE30006CFA86F31188BFF36F8F012810D009F0E8
:10AE4000D5FFA8B10E4BBFF35B8F012253E8001F63
:10AE5000002903D143E800200028F7D1BFF35B8F1E
:10AE60002122002304F1480003F008FF02B070BD66
:10AE7000A37E002BE6D0002121200AF082F8CCE747
:10AE80002C0D002038B505690E49EB6B0024C3E991
:10AE90000144DC606B6B05F14800C3E90144DC60F0
:10AEA00009F08BFF05F17800074909F05AFF0749BF
:10AEB00005F1240009F055FF284607F0D9F920468E
:10AEC00038BD00BF1D240300CB2503005726030017
:10AED000F8B587681446FB6B05460E469847214631
:10AEE000064800220023FEF785FF044600B10676DF
:10AEF00028463B6C98472046F8BD00BFC00600209E
:10AF000010F0080F0B4B42B20CD100F00F00002ADA
:10AF10004FF0140202FB0033B4BFD3F80806D3F895
:10AF200008077047002AB4BFD3F8A806D3F8A807CB
:10AF3000704700BF00700240F8B50246EFF3118180
:10AF4000202383F31288BFF36F8F00F0080508F009
:10AF50009EF80124844057066FEA04061BD0D5B939
:10AF6000174F3B6823FA00F0C00714D533403B600D
:10AF700053B2DB4322F08000DB0F00F2DA301B011A
:10AF800003EB40030F48C0F80038D0F8043843F012
:10AF90000203C0F804380C4803683340036035B935
:10AFA0000A480368120654BF334023430360054B2D
:10AFB000C3F86C4481F31188BFF36F8FF8BD00BFF5
:10AFC000880D0020007002408C0D0020900D0020A4
:10AFD000EFF31180202383F31288BFF36F8F0A4BA6
:10AFE000D3F8001C032261B949F27531C3F8001C83
:10AFF000C3F8142DC3F8001C80F31188BFF36F8FC2
:10B000007047C3F8142DF7E700E00640EFF3118016
:10B01000202383F31288BFF36F8F0A4BD3F8001CF1
:10B0200061B949F27532C3F8002CC3F8141DC3F896
:10B03000002C80F31188BFF36F8F70470022C3F894
:10B04000142DF6E700E0064070B5024608F01FF840
:10B05000EFF31185202383F31288BFF36F8F531E04
:10B060000124062B04FA00F40FD80E4E0E4B316863
:10B070001B680B43C34013F0010306D10B4802F5D4
:10B080009472214340F822303160094A1368234307
:10B090001360084B8022C3F8042185F31188BFF3A5
:10B0A0006F8F70BD880D0020900D00200070024051
:10B0B0008C0D002000E100E0F8B50306044623D41F
:10B0C00010F0080720D100F00F02920002F1804238
:10B0D00002F51C32D2F84434B3B1EFF311862023C9
:10B0E00083F31288BFF36F8F07F0D1FF084DC2F8CA
:10B0F000A074012303FA00F12B6823EA01032B60FB
:10B1000086F31188BFF36F8F024BC3F81845F8BD63
:10B11000900D00200070024010B591F91800154BF9
:10B120000A7E0028B4BFD3F81045D3F8144502F0C6
:10B130000F020123934023420DD10E4A0028B5BFD0
:10B14000D2F81005D2F8140503430343B4BFC2F884
:10B150001035C2F814350B7E1A0709D4054AC2F817
:10B160000C3543F48073C2F80C35087EFFF7A4FF5A
:10B17000002010BD007002400B7E064A13F07F0FC6
:10B180000BBF012343F480735365C2F818350020C8
:10B19000704700BF0070024070B506460D4607F0CC
:10B1A000E8FB044607F0EEFB28BB204607F00DFC49
:10B1B00008B3802D16D1437E9A0744BF0E4A1570FE
:10B1C0005B070FD50D4B1B7813B90D4B01221A6588
:10B1D000204607F0F6FB002201463046BDE87040ED
:10B1E00007F00CBC2846FFF72FFF20460121BDE8E1
:10B1F000704007F0CBBB70BD051200200A12002082
:10B200000070024070B506460C4607F0B2FB0546DA
:10B2100007F0B8FB20BB284607F0D7FB0146F8B182
:10B22000ACB9437ED8071BD49A0704D50D4B1C70CC
:10B230000D4B0122DA644B7E5B0708D50B4B1B7864
:10B2400073B130460022BDE8704007F0D7BB2046FE
:10B25000FFF7FAFE28460121BDE8704007F096BBD3
:10B2600070BD00BF05120020007002400B120020CC
:10B2700010B54468206801F033F80D4B18600D4B91
:10B280001B782BB10C4B00221868114607F0AAFB63
:10B29000002201212720FEF7EDFA201D02F010FC0C
:10B2A00004F1080002F04AFC09F06AFA002010BD1F
:10B2B000400D002007120020940D0020012810B539
:10B2C000014619D0022809D0A8B90F4B02461868C8
:10B2D00007F088FB0D4B01221A700CE00C4B0D4C53
:10B2E00000221A700C4BC4F800332720FEF792FAA4
:10B2F0000123C4F8043510BD034B0022186807F081
:10B3000071FB024B0022E7E7940D0020071200209A
:10B310000612002000700240FDFFDF0101460148D7
:10B3200009F06BBFAC06002008B5054B1970054B42
:10B330001B7813B10420FFF7F1FF002008BD00BF08
:10B34000081200200912002010B50469087E0D4A79
:10B3500007F09DFE012303FA00F013680343136016
:10B3600004F0BCF84020FFF7D9FF4FF0FF324FF058
:10B37000FF3304F18401044803F0F4FC04F0C2F844
:10B38000002010BD840D0020B80600202DE9F043F8
:10B39000474B066989B00546186006F1840009F03C
:10B3A000E3FB00220023CDE9062300246FF007030E
:10B3B000CDE90334CDE901443E4B3F4900954FF4BC
:10B3C00000723E4803F07AFDDFF8F4803D493B48C7
:10B3D0003D4F09F011FDD8F810203C4B134043F4C9
:10B3E000820343F04003C8F81030C14688F8184083
:10B3F0004146284607F0CFFA002855D10134092CE0
:10B4000018D009EB4411082C8A7C314B42F04002E1
:10B410008A7408D1D9F810212E4911402E4A0A43C6
:10B42000C9F8102103E00A693A401A430A6108F199
:10B430002008DBE7294C2A4B2269234F134043F4B1
:10B44000041343F0400323618046A14668F07F0265
:10B4500022762146284607F09EFA28BB08F101080B
:10B46000B8F1090F18D009EB4811B8F1080F8A7C20
:10B47000174B42F020028A7408D1D9F810211549DF
:10B480001140154A0A43C9F8102103E00A693A40FD
:10B490001A430A612034D9E796F8803023F072030A
:10B4A00043F0720386F8803009B0BDE8F08300BF36
:10B4B000940D00208DB50200401F0020E8090020F7
:10B4C000B80E0020986803000000F9FF0000BEFFDE
:10B4D000400006000000F7FFFF010800980D002063
:10B4E0000000DEFF10B50C462046114607F06FFA4B
:10B4F000207E07F0CCFD0146034807F0D7FD012070
:10B50000FFF70CFF002010BDDC0F002008B5064A35
:10B510000B7EC2F80C3543F48073C2F80C35087EFC
:10B52000FFF7CAFD002008BD0070024010B50C7E78
:10B530004FF0FF324FF0FF33114803F0CFF92046B0
:10B54000FFF7FAFC04F00F02012393400D4A14F0B8
:10B55000800F14BFD2F81015D2F814156FEA030348
:10B5600015BF0B400B40C2F81035C2F81435044823
:10B5700003F080F9044B8022C3F80421002010BDA1
:10B580009C0600200070024000E100E02DE9F04F31
:10B59000B04D85B004464FF0FF384FF0FF39002220
:10B5A000CDE900894FF0FF31AB4809F02DFEAA48E4
:10B5B0004FF0FF3109F024FE074638072ED5A74883
:10B5C00042464B4603F08AF9EFF31182202383F3BE
:10B5D0001288BFF36F8FA24B1B787BB1D5F8003474
:10B5E00013F400730AD10121C5F82C15D5F82C15D8
:10B5F000D5F80014890548BFC5F82C3582F31188A9
:10B60000BFF36F8F954803F035F90121204607F00D
:10B6100090F900220321204607F0E4F9FE0608D540
:10B620000021204607F085F900220221204607F07C
:10B63000D9F9B80608D50021204607F07AF900228A
:10B640000221204607F0CEF9B90761D4FA0710D5D8
:10B65000BFF35B8F834B002253E8008F43E8002148
:10B660000029F9D1BFF35B8F0126B8F1000F40F03C
:10B67000B180790734D57C4B4FF0000C83F800C0C3
:10B68000D5F88004C0B28DF80800D5F88414C9B28A
:10B690008DF80910D5F88834D5F88C2443EA0223B4
:10B6A0009BB2ADF80A30D5F89024D5F8946442EAFC
:10B6B0000622ADF80C20D5F89824D5F89C6442EA0F
:10B6C000062292B2694EADF80E20002840F09B8011
:10B6D000052940F0988001213170002A00F09F80F8
:10B6E0007B067FF558AF206984304FF0FF324FF072
:10B6F000FF3302F0CBFF5E4E3168002940F0C2807C
:10B700005C4803F0F5FA2069843003F031F842E731
:10B71000594BBFF35B8F002253E8008F43E80021B1
:10B720000029F9D1BFF35B8F4FF0010AB8F1000F88
:10B730008CD098FAA8F3B3FA83F30F2B1E46C6BF3A
:10B74000A3F11006F6B246F080060AFA03F328EADF
:10B75000030833063146204627D507F00AF9834609
:10B7600007F02FF98146D8B10021584607F00EF9AD
:10B7700000224946204607F041F9802E10D13A4B6D
:10B78000002183F800A02046C5F850A007F0F1F88A
:10B7900007F017F9014618B10022204607F02EF9EC
:10B7A00031462046FFF7F8FCC0E707F0E2F8834691
:10B7B00007F007F9814640B10021584607F0E6F846
:10B7C00000224946204607F019F931462046FFF786
:10B7D00019FDABE798FAA8F3B3FA83F30F2B1946D8
:10B7E000C6BFA3F11001C9B241F0800106FA03F30C
:10B7F0000A0628EA0308204602D5FFF7CDFC34E705
:10B80000FFF700FD31E71D4A86F800C0D5F8703417
:10B8100012789A420AD11A4B00221A7014E003F0EF
:10B820007F03ADF80A30ADF80C20F4E7144A012389
:10B83000137033704FF4A063ADF80830D5F870344E
:10B84000ADF80A30CDF80CC002A9204607F0FDF88B
:10B8500046E700BF00700240AC0600209C060020B6
:10B8600006120020DC0F00200B1200200A1200201C
:10B87000840D0020B8060020D80F002008120020F8
:10B880000912002091FAA1F7B7FA87F70F2F39466E
:10B89000C6BFA7F11001C9B241F08001204607F0F0
:10B8A00068F8804690F818904FF0FF324FF0FF3361
:10B8B000134803F013F84846FFF73EFB104802F028
:10B8C000D9FF104B8022C3F804214146204607F0DF
:10B8D000ADF80021404607F059F8BFF35B8F012314
:10B8E000BB40094ADB4352E8000F184042E8000120
:10B8F0000029F8D1BFF35B8F326813403360FBE659
:10B900009C06002000E100E0D80F00204FF080539B
:10B91000D3F83031082B02BF024B0022C3F81C2C95
:10B92000704700BF007002402DE9F04105464FF01E
:10B93000FF324FF0FF33384802F0D0FF374B802200
:10B94000C3F884212720FDF787FFA0B1344F354B82
:10B950003C681B686FF30F041C434FF001088CBB5D
:10B96000314E40F2FF133B602720C6F80445FDF737
:10B970005FFFC6F800432D4A13788BB12A4B002194
:10B98000C3F808110121C3F80026C3F80416596052
:10B99000D3F808110029FBD00021C3F80811117059
:10B9A000214B0024C3F80045FFF7B0FF1A4802F00E
:10B9B00061FF2146284607F043F9C0B16FF004004B
:10B9C000BDE8F08194FAA4F6B6FA86F60F2E334657
:10B9D000C6BFA6F11003D8B243F08000030701D41C
:10B9E000FFF7AAFA08FA06F624EA0604B7E7802168
:10B9F000284607F025F90028E0D10D4B0D491C68B9
:10BA0000204605F0FAFB10F1780F02D1204605F030
:10BA1000D0FB00EAE070D3E79C06002000E100E0E4
:10BA2000900D00208C0D00200070024003120020B9
:10BA3000400D0020300D00202DE9F04FB34BDFF812
:10BA4000D082D3F85421B34F85B00AB30022C3F893
:10BA50005421D3F8042391021AD5D3F8C034002B13
:10BA600014BF4FF001224FF48072AB4B9B683BB97F
:10BA700098F8000007F00BFB0123834022EA030241
:10BA80003B681343A54A3B60136823F0012313600E
:10BA90009E4BD3F8604134B10022C3F86021D3F843
:10BAA0006C44C3F86C44D3F828214AB10022C3F88F
:10BAB00028219B4B187807F0EAFA012383401C43A6
:10BAC00098F8005098F900902A0700F10181B9F127
:10BAD000000FB4BF934B944B05F00F029200134438
:10BAE0001A684AB300221A602846FFF709FA8F4BFA
:10BAF0001A7800F0010050401870FFF707FF8C4BD8
:10BB000028461A6807F0C3FAC240D307064600F178
:10BB1000F680B9F1000F80F2E280882D00F0DF801E
:10BB20007E4A01231168B3400B431360812388F8D8
:10BB30000030794802F09EFE8CB13B68774ADFF80E
:10BB4000F4A124F001210B433B60136823EA0103B5
:10BB50001360A4B24FF00109002C40F0F7806B4B4A
:10BB6000D3F800214AB10022C3F80021724B1A70A9
:10BB7000704B0421186806F035FF644BD3F8582148
:10BB80002AB30022C3F85821D3F80044C3F8004474
:10BB9000E00505D5684B012208201A70FFF7BEFBAF
:10BBA000A10505D5644B002210201A70FFF7B6FBE3
:10BBB00062050CD5604B1A784AB100221A70534BBB
:10BBC0000122C3F8082520209A65FFF7A7FB4F4BF9
:10BBD000DFF85CA1D3F85C31F3B14F4B9B681BB924
:10BBE00098F800305B0617D0484B0022C3F85C2160
:10BBF000DAF80030494A23F00113CAF800303B68F4
:10BC000023F4803343F001033B601368042023F0E6
:10BC100001131360FFF782FBDAF800603B681E40F7
:10BC200000F02E81394BD3F82C95B9F1000F40F07C
:10BC3000278139480022002302F050FE002840F0FE
:10BC40001F8116F0012314BF93FAA3F696FAA6F605
:10BC5000B6FA86F6F4B20F2EC8BF103C354BCCBFF7
:10BC6000E4B244F080041868214606F082FE019098
:10BC700006F0ABFE4FFA84FB04F00803BBF1000FA3
:10BC80000246029380F29C80019A058A518BC36818
:10BC9000C1F30A018D4240F28A800D464FF000093F
:10BCA00003F06042B2F1005F05D0194623482A46EE
:10BCB00009F0C0FA214BB9F1000F00F0B280DAF8B8
:10BCC00000200121B14022EA0102CAF80020A8E0C8
:10BCD0001B4B1C4A33EA290328BF134600E71A48C6
:10BCE000314607F0E3F90220FFF718FBB9F1000F26
:10BCF000FFF616AF013D062D7FF612AF16E7002DB9
:10BD0000F4D1024B0122DA6410E700BF0070024058
:10BD100004120020900D00209C060020880D0020B9
:10BD20000512002008710240307102400312002009
:10BD30008C0D0020940D002006120020440D0020E0
:10BD4000507102402C710240D80F002094FAA4F5E3
:10BD5000B5FA85F509FA05F345F080052946DAF8C4
:10BD6000000024EA030406F004FE06F02EFE064658
:10BD70002846FFF7C5F8014606F10C0005F093FBD5
:10BD8000338A002B7FF4E8AE304606F022FE18B16D
:10BD9000304606F022FEDFE6284607F078F9014635
:10BDA000434807F083F90220FFF7B8FAD4E601937D
:10BDB00006F00FFE80F00109019B5FFA89F96FE739
:10BDC00004F008013B4B00295DD0D3F8C03413F4D4
:10BDD000803F08BF9946118AD068558A029243185D
:10BDE0006D1A51690393401A2D1A4D4528BF4D46CF
:10BDF000294602F10C0005F02EFB019B598BC1F383
:10BE00000A014945DDE902237FF459AF5169D06841
:10BE1000B2F812C0128A401AACEB000191423FF412
:10BE20004EAF4FF080520120D2F83021082A02BFD5
:10BE3000204A8221C2F81C1C3A6888F8004000FAA7
:10BE400006F622EA060204F008013A60194AF9B936
:10BE5000BBF1000F04F00F044FF0140101FB0421AB
:10BE6000A9BF0A3402EB8402C1F80037C1F80457B5
:10BE7000AFBF42F82400C1F80036C1F80456506044
:10BE800005B0BDE8F08F04F5947153F82190A2E756
:10BE9000BBF1000FB5BFC2F8A036C2F8A037C2F898
:10BEA000A456C2F8A457B4BF50629064E8E700BF3C
:10BEB000D80F00200070024010B5EFF3118420234A
:10BEC00083F31288BFF36F8F164B1B7803F0FF02CA
:10BED000CBB11549D1F82C3513B30023C1F82C355B
:10BEE0004FF08053D3F83031082B0CD10F4BD3F8DF
:10BEF000000CC02188B949F27530C3F8000CC3F8B2
:10BF0000141CC3F8000C84F31188BFF36F8F002A50
:10BF10000CBF6FF00A00002010BDC3F8141CF2E73C
:10BF20001A46F0E7061200200070024000E00640CA
:10BF300013B50022009211464023044606F025FE68
:10BF4000024618B16FF0040002B010BD009040230B
:10BF50008021204606F019FE0028F3D15349012321
:10BF60008B60534B4860C860186805F0D7F800280C
:10BF7000EADBEFF31184202383F31288BFF36F8F82
:10BF80004C4B4FF40062C3F8002407F072F808B17C
:10BF9000FFF71EF84FF08053D3F83031082B18D13B
:10BFA000EFF31180202383F31288BFF36F8F424B8E
:10BFB000D3F8001CC022002971D149F27531C3F8B1
:10BFC000001CC3F8142CC3F8001C80F31188BFF3C5
:10BFD0006F8F384B0122C3F80025D3F800241205D7
:10BFE000FBD54FF40062C3F800244FF08053D3F820
:10BFF0003031082B17D1EFF31180202383F31288FF
:10C00000BFF36F8F2C4BD3F8001C00294AD149F2A3
:10C010007532C3F8002CC3F8141CC3F8002C80F34D
:10C020001188BFF36F8F07F024F830B1FEF7EEFFF1
:10C0300007F01FF808B1FEF7CBFF4FF08053D3F89D
:10C040003031082B1B4B0AD140F2E372C3F80028B1
:10C050004022C3F80428BFF36F8FBFF34F8F8022B5
:10C06000C3F81C250122C3F83025144B40F2FF12FF
:10C070001A60134B00211960124B1960124B197092
:10C08000FFF744FC114B197006F0F3FF08B1FEF7FF
:10C09000BDFF84F31188BFF36F8F002054E7C3F80E
:10C0A000142C92E70022C3F8142CB8E7300D0020BE
:10C0B000400D00200070024000E00640900D00207E
:10C0C0008C0D0020880D0020031200200512002096
:10C0D000084B70B5C31A0D4607499B1004465943D7
:10C0E0000648402207F027F82B4601462046BDE8C7
:10C0F00070401847F40F0020B76DDBB67856030088
:10C1000073B50C4C0C4A4023041B00930D460B46A0
:10C110000A49A41061430646094807F037F801466A
:10C1200028B130462B4602B0BDE87040184702B037
:10C1300070BD00BFF40F0020FB310300B76DDBB60C
:10C14000785603000022F8B5012105461046FDF798
:10C1500091FB104801F004FA0446B8B901F020FA46
:10C160002F690D49384604F0C6FF031E09DB01267E
:10C170003E642D69084905F11C0004F0BCFF031E54
:10C1800002DA1C462046F8BDEE64FBE76FF00404BB
:10C19000F8E700BFC5C20200845E03001FB500229D
:10C1A0000123CDE902236C46074A6B46CDE90044E2
:10C1B00007F01CF828B94FF480420023684602F0CB
:10C1C0008DFB04B010BD00BF0D32030010B5EFF3BE
:10C1D0001184202383F31288BFF36F8F074A1368FB
:10C1E00023F00201DB07116002D4012007F0C2FF37
:10C1F00084F31188BFF36F8F10BD00BF441000207F
:10C2000030B4104B0C2202FB003301460020D3E96E
:10C210000E529863EFF31180202484F31288BFF349
:10C220006F8F1C6C04F0C00444F002041C6480F3A3
:10C230001188BFF36F8F1DB12B46034830BC1847E0
:10C2400030BC7047F40F00207856030010B4EFF3B1
:10C250001180202282F31288BFF36F8F17490B6879
:10C2600043F0020413F001030C601AD04FF0804336
:10C27000D3F80C14D3F80C3413F0010311D0EFF3FE
:10C28000118182F31288BFF36F8F0D4A136C03F094
:10C29000C00343F00203136481F31188BFF36F8F6F
:10C2A000012380F31188BFF36F8F1BB110BC0020F6
:10C2B000FFF7A6BF10BC012007F054BF44100020B8
:10C2C000F40F002010B1012804D07047034B1B6C01
:10C2D0005B0701D1FFF794BF704700BFF40F002048
:10C2E000024AC3B21C2000FB03207047F40F002059
:10C2F000F8B52A49BFF35B8F0546012251E8003F9C
:10C3000041E800200028F9D1BFF35B8F33B92449FD
:10C3100024484B60CB608A6004F000FF6B1E012B49
:10C320003BD8012D07D14FF08043D3F81C3403F0E4
:10C330000303012B31D008F059FDA0B91A4B1E7828
:10C340004FF080440223C4F808330127D4F818249E
:10C35000D4F81834D20308D4002EF7D000212120BD
:10C3600008F00FFEF2E70026EAE703F00303012BD3
:10C370000ED0D4F818354BB9D4F8042132B1C4F832
:10C380000431D4F80431C4F81875A760012DE3D145
:10C390004FF080430222C3F80423F8BDF00F0020C1
:10C3A000E00F0020101000205012002008B50748B0
:10C3B00008F0DDFA38B10648FDF7DAFC0448FCF76E
:10C3C000FDFD002008BD6FF01200FBE7CC56030016
:10C3D000D5C302000A2838B5074D044604D1AB681E
:10C3E0000D215B6828469847AB6803485B68E1B25B
:10C3F0009847204638BD00BFCC5603002DE9F043D6
:10C40000476840F20636D0063B7C87B002EA060653
:10C4100054BFC2F3401C4FF0030C01F01F05B6F5EA
:10C42000837F144645EA43158DF803C044D00DD8E8
:10C43000062E16D005D8A6B1022E3FD06FF01500FB
:10C4400037E0B6F5807FF9D101260AE040F20222FA
:10C45000964235D0B6F5407F34D0B6F5007FEDD1A9
:10C460000226220330D57A6801238B40C2F80835B2
:10C47000B868A0BB05F01F036D092DD0012D77D141
:10C480003E4A02EB8302C4F30043D2F8001783F064
:10C490000103C4F3404444EA430421F4E16144EA63
:10C4A0008C0421F0070144EA06230B43C2F800374D
:10C4B000002007B0BDE8F0830726D2E70426D0E7C6
:10C4C0000526CEE70326CCE7630341BF01237A6844
:10C4D0008B40C2F80C35CBE74FF0A042D1E70DF10D
:10C4E0000202294608F0B6F814F4403F80460CD109
:10C4F000B868294608F0E3F8B8F1000FD8D19DF8E4
:10C500000210B86801F0E4F9D2E74FF0000901AB7E
:10C51000CDE90199CDE90439CDF80C90B86803AAAA
:10C52000294607F06CFF4845C2DB14F4003314D0F1
:10C53000C4F300449DF803308DF80E3084F00104FC
:10C540008DF80C608DF80D40B8684B4603AA29465B
:10C5500008F008F80028CFDAAAE7CDE904330DF196
:10C5600003030393B86803AA294607F048FFF1E7DD
:10C5700003F5E07350F82330FFDE00BF00030050E6
:10C58000420970B5034602D0012A17D070BD0D4E86
:10C59000326951680029F9D003F01F0301250C68A6
:10C5A0009D400029F2D08A682A4002D04B6830466C
:10C5B00098472CB1236821461C46F2E7024EE7E774
:10C5C0002346F8E7B05603009456030038B5456893
:10C5D000A86890B108F06DF8014670B9A86808F035
:10C5E0004CF8044658B902460649A86808F02FF8E6
:10C5F000224605210620FDF73DF9002038BD6FF0E9
:10C600000400FBE781C50200F0B544681646A06847
:10C61000227C01F01F0587B045EA421500286DD045
:10C62000B6F5001F04D1294608F09CF8002056E01A
:10C630006268607CC2F8240501AA0020B6F5800F6C
:10C640000190506037D1B3F1007F14BF052304235C
:10C650008DF804300023CDE904230393E36823FA23
:10C6600001F111F001010DF103073AD1B6F1A07FFC
:10C6700037D105F01F036A0903F5E07326D0012ABC
:10C680003FD1214A52F82330DB072AD4A0683A462A
:10C69000294607F0DFFF16301BD00297A06803AAD7
:10C6A000294607F0ACFE002819DBA06801222946C4
:10C6B00008F007F8BAE7B3F1C06F05D0B3F1007F17
:10C6C00014BF01230223C3E70323C1E74FF0A042B5
:10C6D000D8E7A068394601F001F90028DDDA07B093
:10C6E000F0BDA0683A46294607F0B4FF0028D5D12E
:10C6F0009DF80310A06801F0EBF8CFE76FF085001C
:10C70000EDE751F82330FFDE00030050044A054BEB
:10C710009362054A1A60012100220320FDF7AAB89E
:10C7200048050020B410002000300040054A064BA8
:10C7300093624FF040221A60012100220420FDF78D
:10C7400099B800BF1805002060100020036803F0AE
:10C750001F025B09026004D0012B034818BF0020B0
:10C7600070474FF0A0407047000300502DE9F04F94
:10C7700000EB8109614985B01546834640F2FF1AF6
:10C78000D94503D1002005B0BDE8F08FDBF80020CB
:10C79000C2F3C72818F00808C2F3C320C2F3080484
:10C7A00040F0A680564B120E1E5C544508BF4FF059
:10C7B000FF34222A00F29F80DFE802F012222633A3
:10C7C000292F339D9D9D9D36409D9D9D9D9D9D9DA9
:10C7D0009D9D437E81849D9D9D878B8E9194970026
:10C7E000C5F80C45621C64D003A80394FFF7AEFFA4
:10C7F000039A012707FA02F2C0F80825384636E006
:10C80000C5F81445002715E0C5F80845EAE7C5F85E
:10C8100008450027601C1FD14BE0C5F80C450127D7
:10C82000F8E7C5F81045EDE7C5F80845002EE9D151
:10C8300000270626631C3CD0002018E0C5F80C45F4
:10C84000F4E7C5F86045BBF80220671C02F001025E
:10C850002FD0002AC8D1012703A80394FFF776FF41
:10C86000039A8446012000FA02F2CCF80C25DBF88A
:10C870000020019202F4004CBCF1000F08BF80467A
:10C8800003A818BF01270394FFF760FF039C019AD8
:10C8900000EB8400C2F3412CD0F80047320242EA98
:10C8A0008C0242EA08020C40224342EA4702C0F8E6
:10C8B00000270BF1040B63E7C5F86445C3E7C5F82F
:10C8C0006845C0E7C5F86C45BDE7C5F824450127B4
:10C8D000B0E7C5F8284585E7C5F83045F7E7C5F85E
:10C8E0003445F4E7C5F83845F1E7C5F83C4579E744
:10C8F0006FF0150047E76FF0850044E7F0F8FCFFA4
:10C90000AF69030008B578B10849094A4FF4004EF1
:10C910008C460021E0FB0EC100236046FBF772FB52
:10C92000BDE8084008F02DBB08BD00BF3F420F0026
:10C9300040420F00014B01221A60704700C00040C6
:10C940000C2903690BD15B6A064907484B4393FBEB
:10C95000F0F100FB113311605360002070476FF05D
:10C960008500704790D0030040420F00044B0069DF
:10C970000022C3F80021D3F8003101F07BBF00BFD3
:10C9800000C000407FB50569AB6A63B321F0400188
:10C990000C292BD105F110064FF0FF324FF0FF3379
:10C9A000304601F073FE134B0193A86A0323002461
:10C9B00069460394029304F0B1FB4FF0FF324FF04D
:10C9C000FF33284601F08AFFA86A04F0F2FB0A4B05
:10C9D000D3F808256A6201225A60304601F0C8FE89
:10C9E000204604B070BD6FF00A00FAE76FF08500D2
:10C9F000F7E700BF35C9020000C0004010B5046968
:10CA00000020FFF76DFCA0624FF0FF3200212046AE
:10CA100008F053F904F1100008F0A6F800220121F3
:10CA20000C20FCF727FF0C20FCF7F4FE024B012240
:10CA3000C3F80423002010BD00C0004010B5102929
:10CA4000036914461AD0252923D00D2926D1198827
:10CA5000AF2048434FF6FF7200230021FBF782FA14
:10CA600011462D3820600F484FF6FF72002381FBDE
:10CA70000001FBF777FA6060002010BD5988642040
:10CA800048434FF6FF7200230021FBF76BFA114673
:10CA9000E8E79B88136000235360EDE76FF08500A3
:10CAA000EBE700BF40420F0073B5124C466834F804
:10CAB000213010888DF801300D46190A030A8DF8CF
:10CAC00000108DF802308DF8030006F018FF8DF885
:10CAD0000400B38830680522694606F060FF00282C
:10CAE00006DB04EB8504608808B106F048FF0020EF
:10CAF00002B070BDCE60030037B50B4B03EB810570
:10CB000033F821305BBAADF8043002228388006824
:10CB100001A906F044FF0446688808B106F02FFF1B
:10CB2000204603B030BD00BFCE6003007FB525298D
:10CB3000456804460E460BD80C2906D92C4BA1F1AA
:10CB40000D0292B2D340DB0704D46FF0850012E0EF
:10CB50004C29FAD16B7A022B11D1204606F06DFFD9
:10CB600048B9102E606801D00D2E06D11321FFF7B1
:10CB7000C3FF002818DA04B070BD1221F7E70E21B8
:10CB80002846FFF7B9FF0028F5DB6068032201A9FA
:10CB900006F0C4FE0028EED1BDF804305BBAC3F342
:10CBA0000A030BB90020E6E7606826690321FFF756
:10CBB000A3FF0028DFDB6068092201A906F0AEFEB2
:10CBC0000028D8D1BDF804305BBAB380BDF8073077
:10CBD0005BBA3380BDF80A305BBA73806B7A022B84
:10CBE000E0D1606804B0BDE8704006F0EBBE00BF65
:10CBF00009000001F7B52529476804461D460AD8F3
:10CC00000C2905D93B4B0D3989B2CB40DB0704D445
:10CC10006FF085005FE04C29FAD1D6B2152E02D113
:10CC20007B7A022B45D1204606F007FF002852D11F
:10CC3000133E052EECD8DFE806F003293C5052578E
:10CC400060680521FFF758FF002844DB6068032275
:10CC500001A906F063FE00283DD1BDF804305BBA9F
:10CC6000AF229BB253434FF6FF71B3FBF1F22A6040
:10CC7000C2EB02429B1A204A5343B3FBF1F36B60B1
:10CC8000606803B0BDE8F04006F09CBE0721606814
:10CC9000FFF732FF00281EDB6068032201A906F0BF
:10CCA0003DFEC0B9BDF804305BBA9BB2C5E90030A7
:10CCB000E6E760680921FFF71FFF00280BDB6068CB
:10CCC000032201A906F02AFE28B9BDF804305BBA98
:10CCD0009BB2C5E9003003B0F0BD0C21D7E73B7A29
:10CCE000002B95D01721D2E73B7A002B90D0192149
:10CCF000CDE700BF0900000140420F0070B5056993
:10CD00002A6A0B0103F0F003D6680C46F0221121C9
:10CD1000B0470028A1BF044B33F81430EB84002047
:10CD2000B8BF6FF0040070BD4861030070B50569BD
:10CD30002A6A0B0103F0F003D6680C46F02210219A
:10CD4000B0470028A1BF044B33F81430AB84002057
:10CD5000B8BF6FF0040070BD48610300F7B54368C9
:10CD60001B6804469847051E0BDB2669336ADD689D
:10CD700080231A4612212046A847002804DA6FF0C3
:10CD80000405284603B0F0BD48F6B80007F0D3FD0F
:10CD9000336A0DF107029B680F212046984700284F
:10CDA000EDDB9DF807306A2BE9D10021204606F023
:10CDB00056FE01460028E2D11D4BF3602046FFF7E6
:10CDC000B5FF0028DBD10421204606F058FE0146BD
:10CDD0000028D4D1174BF3612046FFF78FFF05469B
:10CDE0000028CCD1336A0722DF680A210346204697
:10CDF000B8470028C3DB336A4622DF681221442388
:10CE00002046B8470028BADB336ADF6810231A4689
:10CE100015212046B8470028B1DB336ADE6880233D
:10CE20001A4616212046B0470028AADAA7E700BF15
:10CE30000000744200B8884508B502694368054996
:10CE40001162586807F093FD00280CBF6FF01200C4
:10CE5000002008BD985F03002DE9F04104464768B3
:10CE60000D4607F0C3FF88B14FF02008EFF311869D
:10CE7000314688F31288BFF36F8F606806F0F1FFC8
:10CE800050BB86F31188BFF36F8FEFE71F4B1B7802
:10CE9000002BE9D04FF020086426606806F0E1FF1F
:10CEA00070B9012007F00DF9013EF6D100212120D3
:10CEB00008F067F8F0E786F31188BFF36F8FF5E7A6
:10CEC000EFF31186314688F31288BFF36F8F6068E5
:10CED00006F0C7FF0028EED0BB691D706368BA6911
:10CEE0001B680020C3F844250122C3F84825C3F875
:10CEF0002001D3F82041C3F85801D3F858019A60B3
:10CF000081F31188BFF36F8FBDE8F08150120020CC
:10CF100070B5012383400F4ABFF35B8FDC4352E8B7
:10CF2000001F01EA040542E80056002EF7D1BFF3C6
:10CF30005B8F4FF4803282400748C0F80823BFF36C
:10CF40005F8FBFF36F8F03EA0100003818BF012025
:10CF500070BD00BF901100200010014070B4124954
:10CF6000D1E90034D01AC31844F1000422F07F46FE
:10CF7000C1E90034A6F50013B3F5400F09D20B4BFD
:10CF80001B681A0A1B069C19094B42F10005C3E9EC
:10CF90000045EFF31181202383F31288BFF36F8FD5
:10CFA00070BC02F047BC00BF800A00209411002032
:10CFB000880A002011B3BFF35B8F0123104A83401E
:10CFC00052E800CF4CEA030C42E800C10029F7D137
:10CFD000BFF35B8F0B4A4FF480338340C2F80433B6
:10CFE000094BBFF35B8F1B68BFF35B8FC340DB074D
:10CFF00042BF064B4FF40032C3F80021704700BF18
:10D0000090110020001001408C11002000E100E090
:10D010000D4B1868010A0006BFF35F8F0B4BD3F866
:10D020000435181841F10001B3F5801F0AD2084BEE
:10D03000D3E90023904271EB030303D210F1807017
:10D0400041F10001704700BF941100200010014021
:10D05000880A00202DE9F04F85B016461F469DF83E
:10D0600040A00446FFF754FF0190FFF7D1FFB04204
:10D0700071EB07035ED23E4B301A67EB0101984219
:10D0800071F1000109D36FF0150520460199FFF7F2
:10D0900091FF284605B0BDE8F08F364B03EB041333
:10D0A000D3E902239F4208BF964254D032494FF43D
:10D0B000803804F1500508FA04F8AD00C1F848833F
:10D0C0002046ADB206F0E1FF26F07F4B05F180452A
:10D0D00004F5A87305F58835DC464FF00309029383
:10D0E000029A2CF07F4341F82230C1F84483D1F8F2
:10D0F0000435224A6FF00200C01A604420F07F40DD
:10D10000904228D9286868B1D1F804350393A3EB7D
:10D110000B0020F07F40B0F5000F1CD9204606F030
:10D12000B4FF039BBAF1000FADD109EB030C09F179
:10D130000109D5E7BAF1000FA5D10123104ABFF3C9
:10D140005B8FA34052E8000F184342E8000100291A
:10D15000F8D1BFF35B8F07490E98230101EB04124E
:10D16000C8500F9B5360C2E9026700258DE700BFDE
:10D1700001008000700A002000100140FDFF7F00C8
:10D180008C1100207FB51C4C1C4BC4F80833C4F82C
:10D1900048331B4B00254FF0FF304FF0FF31C4F8F0
:10D1A0000855C3E902014FF48033C4F80433154B2A
:10D1B00002264FF400320121C4F804631120C3F8A1
:10D1C00080212A46FCF756FB1120FCF723FB0E4A70
:10D1D0000123A360236013600C4B0D4A0093CDE93B
:10D1E000015500232846FFF735FF3046FFF780F84A
:10D1F000284604B070BD00BF0010014003000F00BE
:10D20000700A002000E100E0901100205DCF0200D4
:10D21000FFFF7F002DE9F7432E4CD4F80433990724
:10D220000BD5D4F8043143B12B4A0023C4F80431A0
:10D23000D4F80431136801331360D4F80433DA03EB
:10D2400043D5BFF35B8F254B53E8002F22F001013C
:10D2500043E800100028F7D1BFF35B8FD30702D457
:10D26000D4F840318BB30025C4F84051D4F8403194
:10D27000FFF7CEFEEFF31182202383F31288BFF372
:10D280006F8F174BD3E90267B042B94120D34FF0FB
:10D29000FF304FF0FF31C3E90201D3E900981D6070
:10D2A0004FF48033C4F84833C4F84051D4F84031C7
:10D2B00082F31188BFF36F8FB9F1000F05D0CDF85D
:10D2C000008032463B460020C84703B0BDE8F083EB
:10D2D000A946EDE700100140941100208C110020B8
:10D2E000700A002030B5431C124C85B005D0844232
:10D2F000A8BF0446012CB8BF0124FFF789FE0E4BDE
:10D300000C4DD3E90013401AB0F5000F10D22218CB
:10D31000AA4228BF2A4652184FF000000749009140
:10D32000CDE9010043F10003FFF794FE05B030BDE5
:10D330002A46F0E7FFFF7F00800A00205DCF020051
:10D3400008B5FFF765FE024B1B68C01A08BD00BF99
:10D35000800A0020024AD2F80034002BFBD070472C
:10D3600000E0014010B54FF08053D3F83021082A77
:10D370004ED14FF080420021C2F80C11C2F81011BA
:10D38000C2F8381502F54042D3F80414C2F820154B
:10D39000D3F80814C2F82415D3F80C14C2F82815D1
:10D3A000D3F81014C2F82C15D3F81414C2F83015A1
:10D3B000D3F81814C2F83415D3F81C14C2F8401569
:10D3C000D3F82014C2F84415D3F82414C2F8481531
:10D3D000D3F82814C2F84C15D3F82C14C2F8501501
:10D3E000D3F83014C2F85415D3F83414C2F86015C9
:10D3F000D3F83814C2F86415D3F83C14C2F8681591
:10D40000D3F84014C2F86C15D3F84434C2F8703520
:10D4100006F047FE18B1374B374AC3F88C2606F0A2
:10D4200040FE18B1354BFB22C3F8182506F039FE33
:10D4300058B14FF080424FF08051D2F8E43ED1F81D
:10D44000581261F30303C2F8E43E06F02AFE20B14D
:10D450002B4B4FF40072C3F840264FF08053D3F8A3
:10D460003031082B17D14FF08043D3F80024D20776
:10D4700044BF6FF00102C3F800244FF08053D3F88B
:10D480003431042B81BF4FF01023D3F808224FF022
:10D490008043C3F858254FF01023D3F80022002A08
:10D4A00003DBD3F80432002B22DA164901234FF0B4
:10D4B0001020C1F804351224FFF74CFFC0F80042D9
:10D4C000FFF748FFC0F80442FFF744FF0023C1F80C
:10D4D0000435FFF73FFFBFF34F8F0B490B4BCA6873
:10D4E00002F4E0621343CB60BFF34F8F00BFFDE750
:10D4F00010BD00BF005000404881030000F0004014
:10D500000090024000E0014000ED00E00400FA0558
:10D51000014B1860704700BF9811002010B5054BF3
:10D520001868144606F0CFFD0028A4BF2070002024
:10D5300010BD00BF98110020024A01238340C2F8A9
:10D540000435704700F00140014B00201B6818476C
:10D550009C110020014B1B68184700BF9C11002044
:10D5600010B50C4C237993B9012323710A4B206029
:10D57000002818BF184600F04BF850B92368074838
:10D58000002BBDE8104008BF184600F091B86FF0BE
:10D59000770010BD9C11002049D5020055D502002E
:10D5A00008B5064B1B682BB10020FCF755F908B9EC
:10D5B000FCF730F9024B01221A7008BD9C110020C3
:10D5C0004E12002038B54FF080440123C4F80833D0
:10D5D00063600023C4F80031D4F8003142F21075C2
:10D5E000D4F80C24D4F80C34D20307D5DB0705D5C6
:10D5F000012006F066FD013DF2D138BD06F0C9FDFF
:10D600000028FAD0014B00225A71F6E7A41100203D
:10D6100010B508490C794CB9012308600B7106F06C
:10D62000B8FD08B9002010BD4C71FBE76FF0770022
:10D63000F9E700BFA41100204FF080430022C3F897
:10D640000021D3F80021094901221A60096811B1AB
:10D65000C3F804237047D3F80021002AFBD000222E
:10D66000C3F80021D3F80031704700BFA411002097
:10D6700010B54FF08043D3F80423D20715D5D3F863
:10D68000002192B10022C3F800210121D3F800212A
:10D69000C3F8081306F07DFD044B10B15A7922B986
:10D6A0005971BDE810401B68184710BDA411002037
:10D6B000074A137943B90121106011714FF080427C
:10D6C0001846C2F8183570476FF07700704700BFF2
:10D6D000AC11002010B54FF080431D4CD3F8181446
:10D6E000D3F8182411F4803F1AD002F00302012A63
:10D6F00001D092B900224FF08043C3F818250022D0
:10D70000C3F80421D3F8042101229A6022688AB95F
:10D71000D3F80421002AFBD014E006F04BFDE9E722
:10D72000D3F81424D107E5D5D3F81C249207F4D4F8
:10D7300022681AB10222C3F8042310BDD3F80421D1
:10D74000002AFBD00022C3F80421D3F80431F4E707
:10D75000AC110020F8B54FF08043194FD3F80443C3
:10D76000012504F01A04002604B9F8BDB4FA84F0C7
:10D77000C0F11F00830003F580739BB203F1804367
:10D7800005FA00F2196892B224EA02040029EBD0EB
:10D790001E601B684FF08043022AC3F808230BD198
:10D7A000D3F81814D3F81814890705D1C3F81855FD
:10D7B000C3F804239D60D7E73B68C0B29847D3E71E
:10D7C000AC110020036803F01F025B09026004D063
:10D7D000012B034818BF002070474FF0A04070474E
:10D7E00000030050034A430900F01F00D35C1844B3
:10D7F000C0B27047B7690300024611F0010030B5AE
:10D8000015D18B07C1F3400022D51249D1F820056C
:10D8100050604FF08052C1F82005D2F83021082A1C
:10D8200008BFD1F82025003818BF012010E04FF0C4
:10D83000A0444FF08055D4F820351360C4F820354B
:10D84000D5F83051082D08BFD4F82045002BD8D08A
:10D8500030BD00BF00030050F7B504460846FFF78F
:10D86000C1FF04EB40060D46B38ADB072AD52046EC
:10D8700006F0A3FD2946204606F00FFD50B12046D4
:10D8800006F021FD276807EB80000023C0F8103563
:10D89000C0F810352946204606F03EFD0021B18231
:10D8A00001A80195FFF78EFF019B00EB8300074B5A
:10D8B000D0F80027134043F00203C0F800370846B1
:10D8C00003B0F0BD6FF01500FAE700BFF0F8FCFF01
:10D8D000014806F016BC00BFA005002010B50448A2
:10D8E0000C4606F0F0FB0028A4BF2070002010BDFD
:10D8F000A00500202DE9F04F074689B057F8049B9A
:10D90000D9F80413C9B28346082241F000414846C1
:10D9100006F02BFD051E2FDA0023032106A8CDE912
:10D920000633FFF769FF634B01930DF118084FF0C1
:10D93000000A019A604912F8013B0192DA0803F0EB
:10D9400007038A5C22FA03F3DB071CD40AF1010304
:10D95000022B08F104084FF0010AEAD14FF0004110
:10D960000022484606F001FD032106A8FFF744FF08
:10D970000028D8D125F000450124002D40F08480F6
:10D9800009B0BDE8F08F4D4B53440293D8F80060C6
:10D99000002EDBD0029B96FAA6F61C78B6FA86F625
:10D9A00046EA44142046FFF71DFF0BEB4000F20847
:10D9B000818A18F802000594C1F38203039300934F
:10D9C00006F00706012303FA06F620EA060008F827
:10D9D000020005A8FFF7F6FE059A039B02F5E07228
:10D9E00011F0100F50F82260C6F3014633D0009AB0
:10D9F0003846214606F071FC05A80594FFF7E2FEC3
:10DA0000059B03F5E073F6B250F82330C3F30143EE
:10DA10009E4207D10021204606F030FC31462046C8
:10DA200006F02CFC05A80594FFF7CCFE059B01220F
:10DA300002FA03F3C0F820354FF08053D3F83031A9
:10DA4000082B01BFD0F82035D0F82035D0F820358C
:10DA5000D0F820359AE7022E14BF02210321204678
:10DA6000039306F00BFC039B032B03D0022E07D17C
:10DA7000012BD7D1009A2146384606F02EFCD1E77B
:10DA8000032ECFD1022BF4E795FAA5F3B3FA83F373
:10DA900004FA03F225EA020503F5A2720BEB430335
:10DAA00059F82220B3F87C10C2F30142384606F040
:10DAB00014FC62E7C7690300F85F0300C76903004D
:10DAC00010B5174C23783BBB0278C2F34003920792
:10DAD0000FD54FF08053D3F83021082A08D1D3F85E
:10DAE0003431022B02BF4FF080430122C3F83826A5
:10DAF00001234FF08042C2F88035037803F0010320
:10DB0000C2F878350020FBF7A7FE08B9FBF782FEC4
:10DB100001232370002010BD6FF07700FBE700BFEA
:10DB20004F1200204FF080434FF46072C3F8082377
:10DB3000014B00221A607047B411002008B5FFF7AE
:10DB4000F1FF03680BB1014A136008BDB411002056
:10DB500010B54FF08043D3F80443620707D54FF464
:10DB6000847006F001FE10B11E4B1B689847A30697
:10DB700008D54FF48A7006F0F7FD18B11A4B002053
:10DB80001B689847600608D54FF48C7006F0ECFDD2
:10DB900018B1154B01201B689847210608D54FF492
:10DBA0008E7006F0E1FD18B1104B00201B689847FD
:10DBB000E20508D54FF4907006F0D6FD18B10B4B76
:10DBC00001201B689847A3050AD54FF4927006F010
:10DBD000CBFD28B1054BBDE810401B68022018475B
:10DBE00010BD00BFBC110020B8110020B4110020EE
:10DBF000827B002A38D1036803F01F015B0922D021
:10DC0000012B26D1194A02EB81021949D2F80037BB
:10DC10000B4043F4C16343F00403C2F80037436888
:10DC200003F01F005B0911D0012B17D10F4A02EB43
:10DC30008002D2F800370B4043F4C16343F0040381
:10DC4000C2F8003770474FF0A042DCE74FF0A04227
:10DC5000EDE701F5E07152F82130FFDE00F5E070EC
:10DC6000002353F82030F8E7704700BF000300504E
:10DC7000F0F8FCFF10B503680F490022C260C3F83A
:10DC80000813D3F8001221F4BC51C3F800124FF06E
:10DC90008051D1F83041082C05D1D1F8341111B997
:10DCA0000921C3F80015C3F80025012380F82630A8
:10DCB00080F8282010BD00BF02029C012DE9F0472A
:10DCC000002380F827304B68046805460E46174647
:10DCD00033B1CB6803F06043B3F1005F40F04081A3
:10DCE0003378023B012B06D8336903F06043B3F16C
:10DCF000005F40F035819C4BC4F8083395F828301C
:10DD000003F0FF023BB1EB68C4F804336FF00F0877
:10DD10004046BDE8F08707F01403B3FA83F35B09CC
:10DD200085F82830337885F82430737885F82530E5
:10DD3000F3682B6173686B613369AB61B368EB6146
:10DD4000C7F3001385F829302F627378C4F888353B
:10DD5000C4F86021D4F86031C4F84821D4F84831BF
:10DD6000C4F82421D4F82431C4F80421D4F80431AF
:10DD700017F0010318BF0123C4F8503517F0020350
:10DD800018BF0123C4F840353378032B00F281809B
:10DD9000DFE803F05E764A024FF48073C4F8003285
:10DDA000D5E90423C4F84425C4F848350123A36009
:10DDB0004FF48011204606F03AFD0028F8D1D5E94D
:10DDC0000623C4F84425C4F848354FF48023EB609B
:10DDD0004FF0000817F0080910D13378032B0DD04D
:10DDE000012B6A686BD12360002A55D073682BB968
:10DDF0006B68002B00F09280012363616B68002B3D
:10DE000000F08C80780744BF0023EB6079065EBF8A
:10DE1000EB6843F00203EB60EB6843F40073EB60E4
:10DE2000EB68C4F8043373E7D5E90423C4F8442548
:10DE3000C4F84835D5E90623C4F83425C4F8383584
:10DE40004FF48453C4F80032012323620223BEE757
:10DE5000D5E90423B806C4F84425C4F848354BBFB7
:10DE60004FF480734FF40073C4F80032C4F80032EA
:10DE70004CBF4FF480230223EB6001232362A7E70A
:10DE8000D5E90423C4F83425C4F838354FF4805359
:10DE9000D8E76FF015089DE76A6902B96361DFF89A
:10DEA000CC904FF0010A3249204606F0C0FC8105B3
:10DEB00001D5C4F814A010EA090FF4D096E70123A5
:10DEC000A360002A92D16A6932B3DFF8A0A019EAF0
:10DED0000A0F8BD12649204606F0A9FC10F4007FDA
:10DEE0008146F4D04FF08071204606F0A0FCD4F8B3
:10DEF000003208B19A0505D401222262626140B164
:10DF00004FF00009DB05E2D54FF48021204606F0F2
:10DF10008EFC4FF00009DAE76361D6E7D4F8C43429
:10DF2000C4F8C434002285F828206BB19A075ABF80
:10DF300003F00108A8F18C086FF00D0813F0040F2E
:10DF400018BF6FF00A08E3E67B063FF5E1AE291D36
:10DF5000204606F02AFC002808BF6FF08B08D7E6A1
:10DF60006FF00C08D4E600BF02029C01020004001E
:10DF70000202040070B5056886B0022104462846F6
:10DF800006F055FC4FF400710646284606F04FFC9B
:10DF9000D0B1D6B9E368C5F808330223E360E3687B
:10DFA000C5F804334FF08071284606F040FC18B1E4
:10DFB000D5F800329B0502D401232B626B6101234B
:10DFC00084F8273006B070BDAEB3236A5E060AD46B
:10DFD00094F827303BB9211D284606F0E6FB80F077
:10DFE000010084F82700236A13F004033BD1C5F82D
:10DFF0006031D5F86021C5F85C31D5F85C3194F812
:10E00000293013B194F8273013B30023C5F8003238
:10E01000E360314BC5F8083345F30733002B17DBBA
:10E020005A09012103F01F03994002F160032B4AB2
:10E0300042F823100CE04FF48021284606F0F7FB4D
:10E0400094F82430002B2FD194F82930002BDDD008
:10E05000A38CADF804302369049363690293A36928
:10E060000593E3690393D5F8C434C5F8C43498071D
:10E070002CD459072CD4DA072CD494F827309B00E1
:10E08000DBB28DF8003094F829300BB984F82830D1
:10E09000236A5B0703D594F82730002B92D0D4E98C
:10E0A0000131684698478DE74FF40073C5F8003298
:10E0B00040F20223E36003F1CE73C5F80833E3684E
:10E0C000C5F804330123AB602B627BE70123D8E75B
:10E0D0000223D6E70323D4E702029C0100E100E01B
:10E0E000036803F01F025B09026004D0012B0348A0
:10E0F00018BF002070474FF0A04070470003005049
:10E10000F7B5064606F00AFC084606F007FC01A82B
:10E110000196FFF7E5FF019B00EB83000C46D0F86A
:10E1200000372D49019440F20D650B402B43C0F898
:10E13000003701A8FFF7D4FF019B00EB8300012704
:10E14000D0F800370B402B43C0F80037042005F00F
:10E15000B8FF092501A80194FFF7C2FF019AD0F882
:10E160001035D340DB0715D401A80196FFF7B8FF9F
:10E17000019B07FA03F3C0F80C35042005F0A1FF5A
:10E18000304606F0CBFB013D042005F09AFF15F068
:10E19000FF05DFD101A80194FFF7A2FF019A012337
:10E1A0009340C0F80C35042005F08BFF204606F0A4
:10E1B000B5FB042005F085FF01A80194FFF790FF4F
:10E1C000019AD0F81035D34013F0010F0CBF6FF057
:10E1D0008B00002003B0F0BDF0F8FCFF38B5EFF382
:10E1E0001185202383F31288BFF36F8F064B9C6841
:10E1F00006F0D0FB85F31188BFF36F8F2046BDE892
:10E200003840FBF7DFBB00BFC011002038B50A4B18
:10E2100053F82040013053F82050A54200D838BDB3
:10E22000606830B1037EDB0701D406F088FB083458
:10E23000F3E723689847FAE7FC5F030070B5294BC2
:10E24000294C2A4D86B0012203201A70FFF7DEFF09
:10E250000420FFF7DBFF2646AE4204F130040FD363
:10E2600001F03CF9204CAC4226D301F04BF9FAF70F
:10E27000F9FA1F4A938923F00103938106B070BD18
:10E2800054F80C3C059354F8103C049354F8143C97
:10E29000039354F8183C029354F81C3C019354F82F
:10E2A000203C009354E90A2354E90C0100F086FD58
:10E2B00054F8303C5E65CEE7D4E90A23B3F1FF3F62
:10E2C00008BFB2F1FF3F05D052EA0301206803D135
:10E2D00000F0D0FD3034C6E70649183001F0CAF925
:10E2E000F8E700BF5012002068590300C859030026
:10E2F000180B0020FF4E030070B5164E164D17493F
:10E30000882386B003FB006601220023CDE90423A5
:10E310000F22CDE902320193142303FB005504467A
:10E320004FF4C07000FB04110D4B00954FF4A07228
:10E33000304600F043FD337C0A4AEE6023F00403CC
:10E3400033744FF4046304FB033313442C746B6085
:10E3500006B070BD900A0020C0110020C029002026
:10E360001B4B0300802100207FB50020FFF74EFFEC
:10E37000284B83F30888284C636943F40073636176
:10E380000025E02384F82230E57725766576A576AA
:10E3900084F82050636A43F4E023636284F82350D6
:10E3A000FBF7F4F9FBF7F8FA4FF0FF33A362E362EF
:10E3B000FBF714FCFBF770FB1848194C00F04EFDFE
:10E3C0000120FFF723FF0220FFF720FF01F07EF876
:10E3D000144B15495C61154B059301234FF4806282
:10E3E000CDE90353CDE90155114B0095204600F0CE
:10E3F000E5FC237C064623F004032046237406F044
:10E4000057FD2846FFF778FF094A31462046FBF7BB
:10E41000A5FA00BFC029002000ED00E0A00B0020FD
:10E42000180B0020C0110020402B00204A69030077
:10E430003DE2020038B5064C064DAC4201D3002047
:10E4400038BDD4E90112204606F0E9FA1434F4E7A5
:10E450004C0600206006002030B585B0DDE9084597
:10E46000034B0293CDE9004506F097FA05B030BDA5
:10E47000A10E030038B5074C074DAC4201D3002074
:10E4800038BD204606F0EFFA08B91C34F5E76FF006
:10E490001500F5E7300600204C06002073B50C4649
:10E4A000EFF31181202585F31288BFF36F8FC568C4
:10E4B0005DB125602B68C3608369013383610020EF
:10E4C00081F31188BFF36F8F11E052EA030603D185
:10E4D00025606FF00B00F3E7CDE90023024608301A
:10E4E00000F0E0FE18B9034B9B685B69236002B043
:10E4F00070BD00BFC0110020F7B50D4604469DF861
:10E500002010EFF31187202080F31288BFF36F8F64
:10E51000266AE068864240D22668B4421AD0CEB15C
:10E52000304606F005FB06F1180001F03BF954F8FF
:10E53000082F70692946002506F07CFE3046C6F893
:10E54000805006F0B5FC2046394606F0F0FC28461F
:10E5500003B0F0BDA268A9B1E069294606F06AFEE1
:10E56000E369A26813446269E361934201D12369BC
:10E57000E361236A01332362002087F31188BFF32C
:10E580006F8FE5E7A0692369984208BF6069801A28
:10E59000A061294606F04EFEEBE752EA03010BD0DC
:10E5A0000749896804F108004D61CDE90023394627
:10E5B000224600F077FECBE76FF02200DDE700BFD8
:10E5C000C0110020F7B504460846EFF3118620215C
:10E5D00081F31288BFF36F8F216A00293BD0A268B4
:10E5E000A16906F027FEA369A26825681344626941
:10E5F000A361934204BF2369A361236AAC4203F180
:10E60000FF33236236D02846002D34D006F090FA2E
:10E6100005F1180001F0C6F86969A268E06906F022
:10E6200009FEE369A26813446269E361934204BF8F
:10E630002369E361236A0027013323622846C5F872
:10E64000807006F035FC04F10800314606F06FFCDE
:10E65000384603B0F0BD52EA030111D00A49896877
:10E660004861CDE900233146224604F1080000F05C
:10E6700019FEEEE7002086F31188BFF36F8FE8E7FD
:10E680006FF02200F7E700BFC01100202DE9F34131
:10E69000044617461E46EFF31188202383F31288A1
:10E6A000BFF36F8F304BC2689B6872B1806898422D
:10E6B00017D057EA060216D188F31188BFF36F8F7F
:10E6C0006FF00F0002B0BDE8F08193F90E102161E8
:10E6D0000132C4E9023288F31188BFF36F8F002042
:10E6E000F0E72169F3E793F90E1090F90E309942A3
:10E6F00030DA9942A8BF194606F02EFA0546CDE950
:10E7000000761A482246414600F0CCFD0028E6D0AB
:10E71000EFF31186202383F31288BFF36F8FA06875
:10E72000D0B1236821699C420AD04BB193F90E30D5
:10E730009942A8BF19466FF07F039942B8BF1946A6
:10E7400006F00AFA40B10948314606F0F0FB6FF0D6
:10E750000A00B7E70025D2E7002DF4D186F311882F
:10E76000BFF36F8FF3E700BFC011002051120020EC
:10E77000F8B583680546002B40D0234A926893423F
:10E780003FD1C368012B03D9013BC3600020F8BD12
:10E79000EFF31187202383F31288BFF36F8F016992
:10E7A000806806F0D9F92C68A54207D10023C5E995
:10E7B000023387F31188BFF36F8FE7E7002CF5D0A2
:10E7C000D4E9003213605A60237C002623F0020350
:10E7D0002374C4E90066A66004F1180000F0E2FFAB
:10E7E000AC6094F90E302B612046C4F8806006F0CE
:10E7F0005FFB0648394606F09AFBC7E76FF0150045
:10E80000C5E74FF0FF30C2E7C011002051120020D1
:10E8100037B51146EFF31185202282F31288BFF33A
:10E820006F8F04689CB12368426823F0030394420D
:10E83000036008BF43600121204606F011FA044638
:10E8400085F31188BFF36F8F204603B030BD51EAC6
:10E850000302F5D000F10802CDE900131046294665
:10E8600000F020FD0028EFD1014B9B685C69EBE7CD
:10E87000C011002070B5EFF31186202383F31288B6
:10E88000BFF36F8F0468A0421BD0D4B1D4E900322B
:10E8900013605A60237C002523F002032374C4E92B
:10E8A0000055A56004F1180000F07CFF2046C4F874
:10E8B000805006F0FDFA31460748BDE8704006F08A
:10E8C00036BBD0E902329A4218BF0133836086F327
:10E8D0001188BFF36F8F70BD5112002013B5EFF395
:10E8E0001181202484F31288BFF36F8F846844B1B0
:10E8F000013C846081F31188BFF36F8F002002B068
:10E9000010BD52EA030406D181F31188BFF36F8F63
:10E910006FF00F00F3E7CDE900230246014800F055
:10E92000C1FCECE75112002070B50546EFF31186EB
:10E93000202383F31288BFF36F8F00232C68A54236
:10E9400019D0C4B1D4E9003213605A60227C00238C
:10E9500022F00202C4E900332274A36004F118001B
:10E9600000F020FF6FF00A03C4F88030204606F064
:10E970009FFA0123E2E70022AA6023B986F31188F7
:10E98000BFF36F8F70BD31460248BDE8704006F09E
:10E99000CEBA00BF511200202DE9FF41544E04466B
:10E9A0002027EFF3118887F31288BFF36F8FD4F815
:10E9B0008C50F5B9022104F1A40006F08AF9002870
:10E9C00070D004F19C0500220121284606F026FBA8
:10E9D0000028F8D1002302934FF0FF324FF0FF33AD
:10E9E000CDE90023414604F19402424800F0A0FD25
:10E9F000D7E7D4F890202B68C4F88C30954208BF34
:10EA0000C4F89030D4F8A43043F00203C4F8A43022
:10EA1000EB6823F0040343F00103EB606B6888F3B9
:10EA20001188BFF36F8F28469847EFF3118887F35B
:10EA30001288BFF36F8FEB68D80623F001023ED433
:10EA4000EA60EB689A0717D5306823F00203EB60A1
:10EA500090B10368002178B1426895423DD10368C6
:10EA6000002934D172683360904200D17360002372
:10EA700040F8083BFFF7FEFED4F8A43023F0020371
:10EA8000C4F8A430DB0530D4D4F88C30003B18BF78
:10EA9000012388F31188BFF36F8F002B81D006F01C
:10EAA000CDF97EE7D4F8A430D90693D5C4F8A400F4
:10EAB00088F31188BFF36F8F04B0BDE8F08123F0B5
:10EAC0001103EB6005F11000FFF7D4FEB9E70B600E
:10EAD0007368984208BF7160C9E701461BB11A68A4
:10EAE00018461346B7E71A46FAE70023D1E700BFF6
:10EAF000E011002051120020F8B5C3689A070446BF
:10EB00000E46C3F3400542D45F0742D40B680BB9ED
:10EB100083680B60E368D80744BFA3683360376835
:10EB20004CBF0225012557B31B4B9A68D7F8883094
:10EB30009A421ED106F05AF980F00100C0B2D7F80F
:10EB4000A430D907C3F380021CD5F2B1F8B1002379
:10EB50002360D7F8903073B9C7E92344384606F0EC
:10EB6000D2F8E36843F00403E3603368A360284607
:10EB7000F8BD0020E3E71C60C7F89040EEE76FF0B7
:10EB8000150506E06FF0120503E01B07DFD56FF0F7
:10EB90000F0500233360EAE7C01100200146014859
:10EBA00006F0FBB8480C0020F0B589B00446002000
:10EBB000C4E923000E9D04F19400C4E9250004F18A
:10EBC0009C00C4E9270055B32879002840F20110C1
:10EBD00008BF0120C4F8A40000204FF0FF364FF01A
:10EBE000FF37CDE90330CDE90100CDE906670D4BD4
:10EBF0000094204600F062F955B1296811B1204611
:10EC000006F0FAF86B791BB1A38943F00103A381E5
:10EC1000204600F02FF9C4F8884009B0F0BD01206B
:10EC2000D8E700BF99E9020037B501900846EFF335
:10EC30001184202181F31288BFF36F8FC16811F016
:10EC40001E0F16D153EA020508D101A9FFF754FFA0
:10EC500084F31188BFF36F8F03B030BD41F008011A
:10EC6000C160019981620449103000F003FD012068
:10EC7000EEE70020ECE700BF154D03000146014818
:10EC8000FFF7D2BF480C0020F7B50C46019016469E
:10EC90001D46EFF31187202383F31288BFF36F8F94
:10ECA000084606F021F855EA060309D101A92046D5
:10ECB000FFF722FF87F31188BFF36F8F03B0F0BD1A
:10ECC000E368074943F00803E360019BA36232460F
:10ECD0002B4604F1100000F0CDFC0120EAE700BF54
:10ECE000154D030001460148FFF7CEBF480C002038
:10ECF0002DE9F0410546EFF31187202383F31288B5
:10ED0000BFF36F8F0468A0421CD0DCB1204606F030
:10ED100060F804F1180000F045FD0026B046C4F884
:10ED20008080204606F0C4F82C68A54206F1010652
:10ED300010D07CB1204606F04CF804F1180000F029
:10ED400031FDECE787F31188BFF36F8F0026304663
:10ED5000BDE8F0810248394606F0E9F8F7E700BF60
:10ED6000511200202DE9F3411C4652EA04030746E4
:10ED70000D4616461CD0EFF31188202383F312882A
:10ED8000BFF36F8F0846FFF7F3FCCDE900643A4606
:10ED90004146094800F086FA04464FF0FF324FF032
:10EDA000FF332846FFF772FC204602B0BDE8F08131
:10EDB0006FF00A04F8E700BF511200202DE9F0437C
:10EDC000073285B01F4622F0070200F15803C0E960
:10EDD00016337F32109B838100250E4622F03F02BE
:10EDE0000F9981730423C0E90655044685600374B6
:10EDF000C573002100203F2AC4E90A0106F1400939
:10EE0000A2F1400805D885F31188BFF36F8F18462B
:10EE100002DFB51829462046FAF7A4FA07300E9B00
:10EE200020F007002067C4E91A9802930D9B019314
:10EE30002D1A0C9B00932A463B4631462046FAF792
:10EE40005BFD00236365044B9B6803B15B6F6367E5
:10EE5000284605B0BDE8F083C011002001230374EB
:10EE600083810023C0E91A334367014B98607047E0
:10EE7000C011002038B50446EFF31185202383F339
:10EE80001288BFF36F8F037C5B070FD5183000F03B
:10EE900089FC237C23F004032046237406F017F832
:10EEA00029460548BDE8384006F041B885F3118889
:10EEB000BFF36F8F38BD00BF51120020F0B587B08F
:10EEC00000250595109D04950F9D03950E9D0295B7
:10EED000DDE912760D9D01950C9D00950446FFF726
:10EEE0006DFFB6F1FF3F08BFB7F1FF3F05D056EA0F
:10EEF000070305D12046FFF7BDFF204607B0F0BD50
:10EF00003A46334604F11800014900F0B3FBF4E738
:10EF1000FF4E03000A4A93686FF00A01C3F880109D
:10EF20000849D8674B6843F080534B60002383F354
:10EF30001188BFF36F8F9368D3F88000704700BFCC
:10EF4000C011002000ED00E038B590F91020037CDE
:10EF5000002A014604DA03F07F03037405F070FF12
:10EF60000D4D2A46AB6852F8184F944200D004B9B0
:10EF7000EC688B4207D01A7CD20604D1DA897F2A4A
:10EF800001D9A2692AB1A34202D0204600F012FBA7
:10EF900023466B6138BD00BFC011002070B590F9E9
:10EFA0001020037C002A2FDBD9062DD11A4C63F0E8
:10EFB0007F032246037452F8183FE169934207D158
:10EFC000C0E900210860E0610FE09942F8D01B68B9
:10EFD000002BF5D093F90E6090F90E50AE42F4DD9F
:10EFE0005968C0E9003108605860A569954200D0B1
:10EFF00005B9E568A3681A7CD20606D1DA897F2AAA
:10F0000003D9AA690AB9636170BDAB4202D0284630
:10F0100000F0D0FA6561F7E7C0110020034648B957
:10F02000EFF3058232B9064A51699268914201D0E4
:10F03000FFF770BF83F31188BFF36F8F704700BF76
:10F04000C011002038B5184CA168E0690B688142F6
:10F0500014BF1A46002249680B605960A368E16931
:10F060002AB9124AC3E900210B60E3610AE092F970
:10F070000E5093F90E00854212DD5168C3E900215C
:10F080000B605360A569094B9D4200D005B9E56846
:10F09000A3689D4202D0284600F08CFA656138BD15
:10F0A0008A42DED01268DBE7C0110020D8110020B0
:10F0B0002DE9F047002A027C0CBF4FF010094FF0F9
:10F0C000080919EA020F04460E460F4628D149EAFC
:10F0D0000203D20946D10374B9F1080F48D04FF0AA
:10F0E0000008DFF8F0A0534653F8185F9D4200D0A7
:10F0F0000DB9DAF80C50DAF80830AB4202D02846E5
:10F1000000F058FAB9F1100FCAF8145008D0204690
:10F1100002F051F9B8F1000F02D02F48FFF79EFE20
:10F120002C4B9B68A3424FD1EFF30583002B4BD1AF
:10F13000A289D20711D586F31188BFF36F8F83F3AD
:10F140001188BFF36F8F0423184602DFEFF3118796
:10F15000202383F31288BFF36F8F3846BDE8F04752
:10F16000FFF7D8BE03F07F03037405F069FEB3E731
:10F17000A36813B1204605F06BFE04F1180000F0FF
:10F1800011FBA56D04F15808A84511D04FF0000AF5
:10F1900075B1284605F05CFE05F1180000F002FB91
:10F1A000C5F880A02846FFF7F9FEA56DA845EFD168
:10F1B000084B9B689C4292D1EFF30588B8F1000898
:10F1C00018BF4FF001088CE786F31188BFF36F8FEB
:10F1D000BDE8F087C0110020A00B002070B50F4DD6
:10F1E0002B46064653F8184F9C4200D004B9EC68F1
:10F1F000AB681A7CD20604D1DA897F2A01D9A269C8
:10F200002AB1A34202D0204600F0D4F923466B6114
:10F210003046BDE87040FFF701BF00BFC0110020BD
:10F2200070B5EFF31186202383F31288BFF36F8F3D
:10F230001A4CA168E0690B68814214BF1A4600228B
:10F2400049680B605960A368E1692AB9144AC3E9A7
:10F2500000210B60E3610AE092F90E5093F90E0071
:10F26000854216DD5168C3E900210B605360A56932
:10F270000B4B9D4200D005B9E568A3689D4202D0C2
:10F28000284600F097F965613046BDE87040FFF709
:10F2900041BE8A42DAD01268D7E700BFC011002011
:10F2A000D8110020F8B5124B0C461146114A986847
:10F2B0001060DDE90676EFF31182202282F31288D6
:10F2C000BFF36F8F9D68284605F0CCFDB6F1FF3F78
:10F2D00008BFB7F1FF3F06D007493A46334605F16C
:10F2E000180000F0C7F92046BDE8F840FFF712BE4D
:10F2F000C0110020E8110020FF4E0300F8B50446BD
:10F30000EFF31187202383F31288BFF36F8F037C01
:10F3100003F01F02002A0CBF0126002649B235D196
:10F3200003F07F03037405F08BFD294D037C81738B
:10F3300063F07F032A46037452F8183FE86993424A
:10F3400007D1C4E900200460EC610DE09842F8D0D8
:10F350001B68002BF5D093F90EC08C45F6DD59687B
:10F36000C4E900310C605C60AC69944200D004B91F
:10F37000EC68AB689C4202D0204600F01BF96C613F
:10F3800087F31188BFF36F8F3046F8BD9B071CD5FC
:10F39000856805F055FD81732B689D4209D16B6826
:10F3A000C4E900531C606C60EAE76A689A42F6D0D0
:10F3B0001B68002BF3D093F90E208A42F5DD5A68C2
:10F3C000C4E9003214605C60DAE78173D8E700BFFB
:10F3D000C0110020034648B9EFF3058232B9064A4E
:10F3E00051699268914201D0FFF794BD83F311886F
:10F3F000BFF36F8F704700BFC0110020F8B550EA0F
:10F40000010306460C4603D105F018FD0020F8BDA7
:10F41000EFF31187202383F31288BFF36F8F184D0A
:10F42000184BA868186005F054FDA86816493246C4
:10F430002346183000F01EF9AB681A7CDF6742F0F3
:10F4400004021A746FF00A02C3F880200F4A53684E
:10F4500043F0805353600446002383F31188BFF3C5
:10F460006F8FAA68D2E90A12B2F1004F08BF994221
:10F47000CCD105F016FE201A20EAE070C7E700BFE5
:10F48000C0110020E8110020FF4E030000ED00E055
:10F490000C490D4A08B58C464FF4004E0021C0FBC4
:10F4A0000EC100236046F8F7ADFDC117FFF7A6FFB8
:10F4B000054947F6FF730022E0FB0132DB0B43EA0C
:10F4C000424008BD3F420F0040420F00024B03F193
:10F4D0001802C3E906227047C0110020EFF3118122
:10F4E000202383F31288BFF36F8F054B9A68D37B79
:10F4F000013BD37381F31188BFF36F8F704700BF57
:10F50000C0110020EFF31180202383F31288BFF392
:10F510006F8F034B9A68D37B0133D373FFF75EBEC3
:10F52000C0110020014B9868704700BFC011002037
:10F53000D3B5DDE90667089CCDE90067FFF7B2FEA9
:10F540001CB1034B9B685B69236002B0D0BD00BF58
:10F55000C0110020027C12F01F02034610D10A499C
:10F5600088420DD00949086868B1D9897F2909D82E
:10F5700093F90E20064B1B689A42B8BF00207047D3
:10F580000020704710467047900A0020A405002014
:10F59000EC110020044BC01A044BC0105843044B1C
:10F5A00001221A54704700BF280C0020ABAAAAAA57
:10F5B00051120020F8B50C4B0C4D1E7C0C4FFFF780
:10F5C000C9FF182303FB06550446284600F0EAF855
:10F5D00034B1BB5D0749E21AD317284600F04AF858
:10F5E0000023BB55F8BD00BFC0110020280C00202F
:10F5F0005112002095F5020070B5EFF3118620231B
:10F6000083F31288BFF36F8F0F4D104BAC681868EF
:10F61000A04202D1FFF7CEFF11E000221A602B7C3E
:10F620000B4AD35C5BB12046FFF794FF38B1237CD3
:10F63000DB0604D1FFF706FD6869A042EAD086F335
:10F640001188BFF36F8F70BDC0110020E81100203A
:10F6500051120020024B1868984208BF00207047E2
:10F66000AC050020024B186808B1FDF769BE704771
:10F67000A8050020B3F1FF3F08BFB2F1FF3F2DE91D
:10F68000F84F0446994615461F4600F08180816078
:10F69000EFF31188202383F31288BFF36F8FB9F142
:10F6A000000FDFF8F4A025DBFFF7DCFF3B4B1B6806
:10F6B000003B18BF0123451949EBE0795B19DAE9F2
:10F6C000005749F10002C4E904325D19064642EBD5
:10F6D00007074FF00109FFF7BDFFDFF8C4E0DEF8D0
:10F6E00004A00346EBB9C4E900EACAF80040CEF82A
:10F6F000044028E0DAE900126FF001035B1A4FF0D2
:10F70000FF3161EB02025B1B62EB0902012B72F11C
:10F710000001BCBF01230022C0E904324FF0000900
:10F72000D9E7D3E9041CD4E904208A4270EB0C0B1E
:10F7300025DA891A5A686CEB0000C3E90410C4E9A1
:10F74000003214605C60FFF785FF84420FD1134BD9
:10F750001B6801330BD1B9F1000F02D1FFF782FF13
:10F760000646304605F086FC0021FDF7BBFD88F318
:10F770001188BFF36F8F28463946BDE8F88F521ABB
:10F7800060EB0C005345C4E90420ACD01B68A9E72A
:10F7900000252F46EFE700BF400C0020A805002001
:10F7A000AC050020F8B50246EFF31185202383F362
:10F7B0001288BFF36F8F016851B3FFF74BFF1C4BEB
:10F7C0005B689A4208D0D1E90434D2E90476DB19A7
:10F7D00044EB0604C1E90434D2E9003100240026D8
:10F7E0004FF0004790420B605960C2E90044C2E903
:10F7F000046705D0002085F31188BFF36F8FF8BD33
:10F80000FFF730FF05F036FC2146FDF76BFDF1E711
:10F81000D0E90413B3F1004F08BF012904D100203F
:10F820004FF00041C2E904016FF01500E3E700BFAB
:10F83000AC0500202DE9F84FDFF8BC902F4CC9F83B
:10F84000000000232360FFF705FFDFF8B4800D46BA
:10F8500001264FF00047D9F80020D8E900CE4FEA42
:10F86000E27A50B1D0E904319A427AEB010B1EDA08
:10F870009B1A61EB0A01C0E9043112EB0C024EEB5A
:10F880000A030026C8E9002330464FF0FF33236007
:10F89000C9F8006005F0EEFB3146FDF723FD85F366
:10F8A0001188BFF36F8FBDE8F84FFFF7A5BE13EBCC
:10F8B0000C0CA2EB0303C9F80030D0E90032D0F8F9
:10F8C00008A0136041EB0E015A600023C8E900C193
:10F8D000C0E90033C0E9046785F31188BFF36F8F77
:10F8E000D047EFF31185202383F31288BFF36F8F86
:10F8F000FFF7B0FEAFE700BFF0110020A805002021
:10F90000400C002010B5EFF31184202383F31288FC
:10F91000BFF36F8FFFF7A6FE054A0346D2E9000149
:10F92000181841EBE37184F31188BFF36F8F10BD9A
:10F93000400C002073B50446EFF31186202383F3B7
:10F940001288BFF36F8F8368594003EA02050A40AB
:10F950005340009300226B460849019205F02AFBB0
:10F96000DDE9003223EA020304F10C00A360314612
:10F9700005F0DDFA284602B070BD00BFBD5103009E
:10F98000F8B507460C46164605F030FA08B10020D7
:10F99000F8BD0D4B9B685D6F002DF8D0221DF6D28F
:10F9A000EFF31184202383F31288BFF36F8F47F0A6
:10F9B00004012846B04784F31188BFF36F8F0028F5
:10F9C000E5D040F8045BE3E7C01100200146024A9D
:10F9D0000020FFF7D5BF00BF9B0E030007B5074B04
:10F9E0000093074907484FF0FF334FF48062FFF759
:10F9F000DBF8002003B05DF804FB00BF14600300D7
:10FA0000802F0020480C00202DE9F0410126B24251
:10FA100001DCBDE8F08107463B461F4613F8014B69
:10FA2000002CF6D0252CF8D11D78252D07F10207E2
:10FA3000F2D00023DFF8EC809C461C461F2C27D810
:10FA4000A5F1200EBEF1100F06D828FA0EFE1EF00A
:10FA5000010F53D12E2D3CD02E2D27D8242D33D05D
:10FA60002A2D36D0BCF1000FD3D0B445D4D145F007
:10FA70002007A7F1650CBCF1020F0B6801D9612FBB
:10FA800042D1073323F0070308330B600136BEE78A
:10FA90007F2CDFD96C2D23D01DD8682D27D06A2D5F
:10FAA00001D04C2DDED144F4207408E0A5F1300ED5
:10FAB000BEF1090FEED80A2404FB03E3202417F853
:10FAC000015B002DBAD1CDE7BCF1000F18D0B342D5
:10FAD00018D00023F3E7742DF1D07A2DEFD0C1E7D1
:10FAE000250648BF44F4007444F08004E7E7E505C8
:10FAF00048BF44F4007444F48074E0E70024DEE777
:10FB00009C46E6E76325B2E7692D02D007D8632D4E
:10FB100003D0250601D5A405B3D40433B5E7732D6E
:10FB2000F6E700BF892801002DE9F04F8378D0F86F
:10FB3000049093B09C07CDE90812804615D50B922E
:10FB40000B460025187890B1252814D00133069370
:10FB50004146C847002805F1010580F2F88398F86E
:10FB6000023043F0040388F802304FF0FF35284696
:10FB700013B0BDE8F08F93F801A09A1CBAF1250FDD
:10FB80000692E5D04FF0000B5E465F465C461F2CA8
:10FB900023D8AAF12003102B22D8DFE803F0152187
:10FBA000211B2121210B21212113211821210900B1
:10FBB00044F00104069B13F801AB0693BAF1000F61
:10FBC000E5D11BE044F0020444F00404F2E744F001
:10FBD0000804EFE744F01004ECE77F2C00F2F68015
:10FBE000BAF12E0F00F0D38000F2AC80BAF1240FEE
:10FBF00000F0D380BAF12A0F00F0B480BBF1000FFF
:10FC000006D0099B08980B935A460BA9FFF7FCFEF8
:10FC1000002E4AF02003B8BF24F040040493A3F15F
:10FC20006503BCBFA4B20026022B04D94AF020030E
:10FC3000612B40F08C826FEA0A0A0AF020030793D6
:10FC40000B9B073323F0070303F108020B92049A7E
:10FC5000612AD3E9000104F0400340F0E480002B66
:10FC600008BF4FF0FF36079B00930CAA334605F000
:10FC700018FC0130C3B2B3420393A8BF03F1FF36AF
:10FC80004FF0010C7023CDE9043CDDF830A044F4C2
:10FC9000C0540AF10903122B0DD90AF16303C62BD4
:10FCA00040F2F3800AF2E73340F2CE7293428CBF07
:10FCB0000423032305939DF83430D80700F1E7802F
:10FCC000A20700F1E780C4F3800B4FEA4B1B5FFAF9
:10FCD0008BFB13F00C0F00F0E980BBF1000F0CBFA1
:10FCE00003230423BB420EDA2007A7EB03070BD440
:10FCF0002F4441462020C847002805F10105FFF6A2
:10FD00002EAFBD42F5D10027BBF1000F07D0414611
:10FD10005846C847002805F10105FFF620AF9DF8B9
:10FD20003430AE4C13F0080FAD4B08BF1C462646CE
:10FD3000324616F8010B002840F0AF802C1B02EB76
:10FD4000040B7BE1AAF13003092B3FD814F0400FDC
:10FD50004FF00A0212BF02FB063602FB073744F0DF
:10FD6000200427E7BBF1000F7FF424AF0B9A600655
:10FD700052F8043B0B9201D51E461BE7002BA7BF90
:10FD800044F020041F465F4244F0280412E7630653
:10FD90003FF5EDAE44F040040CE7BBF1000F3DD061
:10FDA00014F0400A099B08980B930CBF3A46324660
:10FDB0000BA9FFF729FE0B9B53F8042B0B93BAF109
:10FDC000000F01D01646F5E61746F3E6BAF16C0FC0
:10FDD00016D00CD8BAF1680F19D0BAF16A0F03D057
:10FDE000BAF14C0F7FF40AAF44F42074E2E6BAF1A2
:10FDF000740F3FF4DFAEBAF17A0F3FF4DBAEFDE6ED
:10FE0000200648BF44F4007444F08004D2E6E305C1
:10FE100048BF44F4007444F48074CBE65E46344634
:10FE2000BB463746C6E6002B049B08BF0626652B5B
:10FE30000FD1721CD2B244F480541346112A4FF0F1
:10FE4000650E4FF0000228BF11239446CDF810E054
:10FE500007E0049B662B10D144F40054B446012201
:10FE60001123CDE9002C0CAA00F01CFBC3B20393B4
:10FE70000223DDF830A005930BE716F0FF02DCD17A
:10FE80006523049394460123EBE7022312E74FF026
:10FE90002D0B1EE74FF02B0B1BE7079BC01A4146AB
:10FEA000C0B2C8470028BFF643AF58E614F4405F1D
:10FEB00040F09880039B4833002E6B4408BF012616
:10FEC000133B039A1AB113F8012D302A78D014F09D
:10FED000100F039B18BF33461AF1040F75DBB245B0
:10FEE00073DA534544F400547FDD0AF101069E1B8A
:10FEF0002AEAEA730133BBF1000F00D00133002E70
:10FF000075D0721C13449F42CCBFFF1A002714F017
:10FF1000090F03D12F44BD426DD10027BBF1000F63
:10FF200007D041465846C847002805F10105FFF6AD
:10FF300016AE230511D541463020C8470028FFF6EC
:10FF40000EAE079BC3F17800414600F0F800C847A9
:10FF5000002805F10205FFF602AE200704D4AB46E7
:10FF60007D195D454FD10027A1046AD52AEAEA73BD
:10FF7000AAEB030A7642039A524584BF0CAA524464
:10FF800003F1FF338CBF507930209E4205F1010B05
:10FF900041DC41460493C8470028049B0AF1010A4A
:10FFA000FFF6DDAD5A1C09D141462E200493C84707
:10FFB0000028FFF6D4AD049B05F1020B5D46DAE79D
:10FFC000039A013AD2B203927BE75E1E14F4006FEB
:10FFD000059A14BF0523032313448CE75C690300CF
:10FFE00058690300A10483D4F0E7002680E7E20605
:10FFF00048BF013387E741462020C847002805F164
:020000023000CC
:10000000010588DAABE541463020C84700280BF1EE
:10001000010BA6DAA3E541460393C8470028FFF683
:100020009EADE6060AD5039B013307D105F1020B0D
:1000300041462E20C8470028FFF691AD5D465F443B
:1000400018E29DF835004146C8470028FFF687AD05
:10005000002E61DD41462E20C8470028FFF67FAD07
:1000600001240CAB039AA242CABFE2183020507997
:100070004146C8470028A346FFF671AD0134A642A9
:100080000CABEFDAAC1C5C44049B079A981A41460F
:10009000C0B2C8470028FFF662ADBAF1000FB4BF86
:1000A0002D202B204146B8BFCAF1000AC8470028BE
:1000B000FFF655AD059B042B3AD14FF47A76BAFB87
:1000C000F6F505F130004146C0B2C847002804F1FA
:1000D0000304FFF644AD06FB15AA6426BAFBF6F549
:1000E00005F130004146C0B2C847002804F10104C0
:1000F000FFF635AD06FB15AA0A26BAFBF6F505F1A3
:1001000030004146C0B2C847002804F10104FFF6A0
:1001100026AD06FB15AA13E0E40601D46C1CB3E778
:1001200041462E20C847002805F10204ACDA16E546
:10013000059B032B04F10204CFD0059B012BDBD1DF
:100140000AF1300004F1010B4146C0B272E7AAF196
:100150006303122B00F2E580DFE813F01300540074
:10016000E300E300E300E3005400E300E300E30006
:10017000E300E300FC00DD00E300E3002900E3000E
:10018000AB000B9B1A1D1B680B928DF830300126BB
:100190000DF1300A20072CD50AEB060B54465C45BE
:1001A00029D1A5EB0A0A04EB0A0BBF1B46E70B9B00
:1001B0001A1D0B92D3F800A0A94BBAF1000F08BF8B
:1001C0009A4614F0400F14BF31464FF0FF315046AD
:1001D00005F046F80646DDE741462020C8470028DE
:1001E000FFF6BDAC013CA642F6D32F443D1B27468B
:1001F000D2E73C46F7E714F8010B4146C847002810
:10020000CDDAACE421060B9B32D5A2052BD5073302
:1002100023F00703D3E9000103F108020B9224F055
:10022000100B00291FFA8BFB32DA404261EB4101CF
:100230004BF4806B0CAC0A23224605F01DF81BF032
:10024000400FA0EB040200F09C802BF001039642CB
:100250009BB240F39F80BAF1000F40F09D802BF0DD
:1002600011039BB21FE01A1D18680B92C117D6E745
:100270001A1DE00519680B9201D40846F6E7A2059D
:100280004BBF48B208B241F3C01141F3C031C6E7D9
:1002900050EA0103CED16306CCD5002ECAD124F09A
:1002A0001104A3B23246344640F206410B426FD1EC
:1002B00026E024F01004A4B20A2314F0800C0B9A58
:1002C0004CD014F400711DBF073222F0070202F176
:1002D0000801101D19BF0B91D2E900010B901068A5
:1002E00050EA010247D124F0160B62061FFA8BFB7D
:1002F00045D5002E43D124F01704A3B2324634462C
:1003000019075FD4D90704D5A74272DD3C1BA61894
:100310003C46A34650E044F0100410234FF0780A06
:10032000CBE74AF02003782B04D1CAF1780343F0DD
:100330001003C2E741462520C8470028FFF60FAC4E
:1003400041465046C8470028FFF609AC0235069BD7
:10035000FFF7F8BB08234FF0000AAEE7111D0B9121
:1003600014F480711068BBD014F400711ABFC0B2CD
:10037000614680B2B4E724F006041FFA84FB0CAC9B
:100380005AE714465B46D9068ED5BAF1000F05D15F
:100390000134B5E71446F6E73446F4E70234AFE734
:1003A00041462020CDE90332C8470028FFF6D7ABED
:1003B000DDE903320BF1010B5F45F1DC2C1B04EB93
:1003C0000B055C46D90616D5414630200392C84736
:1003D0000028FFF6C4AB039ABAF1000F32D0023501
:1003E00041465046C8470028039AFFF6B8AB2E4452
:1003F0001DE016468DE740F206410B42F7D013F0A0
:10040000020F14BF2B20202013F4806F039205F1FC
:100410000105414618BF2D20E4E7414630200392F4
:10042000C8470028039A05F10105FFF698AB731B36
:100430009A42F2DB16460DF1300A2EB902EB050B9B
:100440003F1BFBE50135D2E7013E41461AF80600A5
:100450000392C8470028039AEFDAFFF780BB00BF7A
:100460006069030041462020C847002805F10105C6
:10047000FFF675AB7B1B002BF4DC68E71FB502AB06
:100480000093074A4FF0CC3304F0D5FFDDE90201B9
:10049000C00840EA4170C90805B05DF804FB00BF20
:1004A000CDCCCCCC2DE9F04F9BB00F0D0A939DF82D
:1004B000903005920C93C1F30A52C1F31303C90F94
:1004C000044607917AB950EA03017CD1059930239B
:1004D0004B71079B0A6043F002030B710126304603
:1004E0001BB0BDE8F08F40F2FF718A420AD103438E
:1004F000079B059A14BF43F0080343F004031371EC
:100500000026ECE7A2F2354A43F48015234301BFED
:1005100027F001077F057F0DB7FA87F704F0010286
:100520004FEA85080CBF7F090127BAF1000F089236
:1005300048EA94784FEA8406C0F2B680504600F04C
:10054000EDF9BAF1030FC8BF0138049000F0F2F9D9
:10055000049B7C30A3EB0A0A824416A9184600F0DB
:100560007DFA12AB019310AB009320465346294607
:10057000029716AA04F0A7FE049B152B04460D460D
:1005800000F28E8014ABA94A009330464FF0CC3372
:100590004146DDE9109A04F04EFF149B159A9B0822
:1005A00043EA827303EB8303B34210D141463046E2
:1005B00000F0C8F9049B83428CBF4FF000084FF055
:1005C0000108002715E0DFF868A21D469EE7089B9A
:1005D000002B55D1013E48F1FF31F01B61F10001C4
:1005E00000F0B0F9049BDDF8208083428CBF002727
:1005F00001270C9B002B40F0C880DDF828900026D6
:10060000069609964FF00A0BDDE91001FFF736FF59
:10061000DDE912A3CDE90D01194650460F93FFF70E
:100620002DFF0A460D990B9003468B420E9B72EBF1
:1006300003010F9B80F0C480204629460F92FFF7EC
:100640001DFF0B9B0F9A13920BFB03F50D9B109351
:100650000E9B11930B9B1293069B002E14BF4FF021
:10066000000808F0010801330BFB1046554514BF84
:10067000002707F00107F6B2069304460D46C3E7CC
:10068000B01C48F1000100F05DF9049B83428CBF6F
:1006900000200120B9EB00006AF10002CDE9100250
:1006A0004FF000084746A4E7CAF1000B584600F097
:1006B0003BF9BAF1FF3F0CBF8146A0F10109ABEB5A
:1006C000090B0AEB09035846049300F033F916A905
:1006D000A0F17D0A584600F04DF912AB0193A9EB49
:1006E0000A0A10AB0093204629460297534616AAE1
:1006F00004F0E9FDB9F1010F04460D460ED8089B40
:1007000013B94FF0010874E7109B119A013B42F1B5
:10071000FF32CDE910324FF0010852E7B9F13E0F38
:10072000BED84FF0FF33A9F1200003FA09F203FA13
:1007300000F0C9F1200123FA01F102430A4303FA50
:1007400009F328EA020826EA030656EA08060CBF5F
:100750004FF001084FF0000833E700FB02F6A1FB61
:100760000012013332448C4275EB0206F5D2049A32
:10077000DDF828901344259A1344D20F9342B8BF52
:1007800013469945A8BF994639E70A21002201235B
:100790000846E8E70BFB01FEA0FB0B010CF1010C86
:1007A0007144844275EB010EF4D2CC450DDDB9F1F4
:1007B000000F02D154EA050107D0012309933BE75A
:1007C0000A2000214FF0010CEBE7002F32D04FF050
:1007D0000A0B50461946FFF751FE0BFB00F252453B
:1007E0000B910E9026D1DDE91001FFF747FE8A46F6
:1007F0000D9029462046FFF741FE0D9A0E9B12935D
:10080000CDE9102A0B9A1392069A002E14BF4FF0CE
:10081000000808F0010801320BFB10469A46F6B2B8
:100820000B9B069204460D46D3E700BFCDCCCCCC43
:10083000CCFBFFFFB8F1000F05D0052E03D104F06B
:1008400001060436F6B2069BDDF810809844099B39
:1008500053B9DDE912239D4208BF944204D1089B9D
:10086000002B47D1002F45D0042E94BF002601262F
:1008700030194FF00A0245F1000100230127144608
:10088000904271EB030537D2EEB1B9451BDA0C9BF0
:100890006BB1259ADDF8289008EB07031344012B70
:1008A000B8BF01239945A8BF99464F450BDD0530D8
:1008B0004FF00A024FF0000341F10001F7F7A2FBED
:1008C00008F10108013F4F45A8BF4F463EB20FFA5D
:1008D00088F8059B08FA87F706F10508013F984458
:1008E0004FF00009B1450EDB059B1A461F60079BC0
:1008F0001371F4E50126BBE704FB03F5A2FB042317
:1009000001372B44BCE70A220023F7F77BFB303288
:1009100008F8012D09F10109E4E700BF014B584334
:10092000800C704741340100014B5843000D704763
:10093000FB2E0B00024B5843C00C0130704700BF28
:100940004F9312000A4A70B503464FF0CC36002090
:100950004FF0333506FB03F402FB0144A3FB0231E5
:1009600021449D4275EB010401D30130F2E770BDD3
:10097000CDCCCCCC2DE9F04F1A23354EB0FBF3FA99
:1009800003FB1A0389B004460D4606EB0A1653B959
:10099000D6E90023C1E90023D6E90201C5E9020135
:1009A00009B0BDE8F08F2B4A02EBC303D3E90089FD
:1009B00004AB0093D6E902234046494604F03BFDD0
:1009C00006AB0093D6E9002383460F4640464946CE
:1009D00004F031FDDDE9066216EB0B0652EB070869
:1009E0004FF0000328BF0123814633B1049B059AD1
:1009F000013342F10002CDE9043220460391FFF7B2
:100A000099FF07461A2000FB0AF0FFF793FF3F1AF1
:100A10003246434603990097484604F023FD4FEAC7
:100A2000141C0D4A640004F01E0352F82C40DC40F4
:100A300004F00304241841F10001C5E90041DDE997
:100A4000042300973046414604F00CFDA6E700BFA2
:100A5000185C0300485B0300206003002DE9F04FA1
:100A60001A27DFF8E4A000F11905B5FBF7F56F438D
:100A70003A1A4FEA051B89B004460E460AEB0515E3
:100A80000AD1D5E90023C1E90023D5E90201C6E96D
:100A9000020109B0BDE8F08F2C4B03EBC203D3E990
:100AA000008904AB0093D5E902234046494604F08F
:100AB000C2FC5AF80B206B68013ACDE9020106A985
:100AC00063F1000300914046494604F0B4FCDDE9BF
:100AD00006528A4602996D18039952EB01084FF0AD
:100AE000000328BF0123814633B1049B059A0133DB
:100AF00042F10002CDE904323846FFF71BFF0746FA
:100B00002046FFF717FF3F1A2A46434600974846FC
:100B1000514604F0A7FC4FEA141C0D4A640004F08F
:100B20001E0352F82C40DC4004F003040134241866
:100B300041F10001C6E90041DDE9042300972846A0
:100B4000414604F08FFCA2E7E85C0300485B030029
:100B500074600300704707B542F2744301A8ADF812
:100B60000430F7F7CBFE03B05DF804FB70B5064622
:100B700000250024336813B985B9002070BD4FF4F7
:100B8000005200233046FDF743FE0028F4D04168B0
:100B90002046F6F7F9FE01350446EBE72846F6F75E
:100BA000A7FF01462046F7F7ABF8E7E783681B6924
:100BB000184710B4147801EBC401013404F00704A1
:100BC0001470486010BC184604F05EB870B5064654
:100BD00000250024336813B99DB9002070BD4FF47F
:100BE000005200233046FDF713FE0028F4D0406881
:100BF000F6F77EFF01462046F6F7C6FE01350446AD
:100C0000E8E72846F6F774FF01462046F7F778F83C
:100C1000E4E700EBC100408840087047F8B50346A0
:100C2000FFF7F7FFB0FA80F0C0F11F0003EB800C74
:100C3000CA00DCF81060171D0C4606328DB256B99A
:100C4000012101FA00F0D9680143D960CCF81040C5
:100C5000DD539D52F8BDF1000431585AD85303EBCF
:100C6000C0009E52C5805D52F4E710B500EBC10490
:100C7000E388994202F104010AD1012303FA02F246
:100C8000C36823EA0203C360002340F8213010BD8B
:100C9000A28840F8213000EBC20100EBC300CB80FA
:100CA0008280F4E708B50346FFF7B3FFB0FA80F29D
:100CB000C2F11F021846BDE80840FFF7D6BF2DE974
:100CC000F843B1FA81F3C3F11F0200EB8209064633
:100CD000D9F810700D4687B9C3F120034FF0FF34E7
:100CE0009C40F3681C4014D094FAA4F2B2FA82F249
:100CF000131D56F82340214608E03C464FF00308F8
:100D000021463046FFF785FFA84205D33046FFF75E
:100D1000ACFF2046BDE8F88306EBC404B8F1010837
:100D2000E488C9F81040D7D0A742E9D1D4E738B554
:100D30000446FFF76EFF0D46034611462046FFF7B7
:100D400068FF03449BB204EBC5055A006A80204645
:100D5000FFF75FFF014424F8313038BD70B5044619
:100D6000FFF757FF0B4604EBC305511A9B1A89B2D4
:100D700003444E009BB204EBC2006E805D004580D0
:100D800024F8321020461146FFF743FF014424F8AF
:100D9000313070BDF8B5002951D004680D1F2D1BEE
:100DA000EE0825F007056219538813F0010306D1F8
:100DB00083F31188BFF36F8F0423184602DF314697
:100DC0002046FFF726FF304434F83030C01A864200
:100DD00007D0002383F31188BFF36F8F04231846D5
:100DE00002DF538823F00103538031462046FFF78A
:100DF00010FF371804EBC7035B88DA0708D43946BD
:100E00002046FFF74FFF3A4631462046FFF78FFF57
:100E1000655B751B04EBC5035B88DB0709D42946BA
:100E20002046FFF73FFF324629462046FFF77FFF67
:100E30002E4631462046BDE8F840FFF7EFBEF8BD2C
:100E400070B509B9002070BD056801F007030B33C8
:100E5000CC0804EBD304AB689C4228BF1C46214657
:100E60002846FFF72CFF06460028EBD0014628460F
:100E7000FFF7CFFEA04207D932192846FFF76EFFD1
:100E800011462846FFF7CAFE05EBC60210465388F6
:100E900043F0010353800430D5E71146FFF7D0BF7C
:100EA0002DE9F84314464A4202EA010931EA0202F6
:100EB00003460BD04A46042A4F4628BF0422A1EB22
:100EC00009096CB900252846BDE8F883042904D82F
:100ED0002146BDE8F843FFF7B3BF00270422F0E73F
:100EE0001E68A9EB020204F0070302F007010B33AE
:100EF0000B44E10801EBD20101EBD301B368994245
:100F000028BF19463046FFF7DAFE80460028D9D0C0
:100F10003D1D05EBC00509F1FF3335441D44B5FB0C
:100F2000F9F509FB05F5ED1B2C442B1F07349B1B22
:100F300024F00704A41BB0EBD30F4FEAD3074FEA0A
:100F4000E40408D201463A463046FFF707FF41461F
:100F50003046FFF763FE39463046FFF75AFE384405
:100F6000844207D230462246FFF7F8FE214630463B
:100F7000FFF754FE06EBC706738843F00103738046
:100F8000A1E7043A2DE9F843CC1D114424F00704ED
:100F900021F00706A6EB04084FEAD807B7FA87F254
:100FA000C2F12405AD004FF000090735C2F120025F
:100FB000ED0804604946A760C4F80C90920004F163
:100FC000100004F045F9AAB2530043F00103638016
:100FD0007B1B9BB204EBC5015800A4F8009048802D
:100FE00024F83520A6F8029024F8083004EBC70353
:100FF00029465A8842F001025A802046BDE8F8434B
:10100000FFF70CBE002070470FB407B504A951F8D4
:10101000040B0191F7F7D8FF03B05DF804EB04B0BF
:101020007047036800220BB9184670478B4210D1F5
:101030000B6842B942680360914200D143600023CB
:101040000B600120704713604368994208BF4260FB
:10105000F5E71A461B68E6E7038B13F0070306D192
:101060000368002B18BF032008BF00207047022B25
:1010700005D1408BB0FA80F0400980007047012B09
:1010800004D10368002B18BF0520EDE7002070474E
:1010900010B50C4600B111B96FF0150010BD081D58
:1010A00000F0C6F80028F9D1A368032BF6D9F3E7BE
:1010B0002DE9F0410D4607461946281D90461E466B
:1010C00000F0C7F8044638B1334642462946384650
:1010D000A446BDE8F0416047BDE8F08110B4EFF3ED
:1010E0001182202484F31288BFF36F8F416110BCFA
:1010F0000121F7F781BF38B50C46054658B151B10B
:101100000B6843B14B6833B11C22002104F0A0F8F6
:101110002C61002038BD6FF01500FBE7F8B50446E0
:101120000E46FFF7B5FF051E3BDBEFF311822023D0
:1011300083F31288BFF36F8F638B278B4FF6FF719A
:101140008B4207F007072ED0062F2FD8DFE807F0D5
:10115000182E082E180418006FF08505002303E0F0
:10116000013363830225012382F31188BFF36F8F5C
:10117000BBB100233A4631462046FFF799FF10E005
:1011800000233360636823B9C4E9006627B13D4694
:10119000E4E71E606660F9E702212046F7F72CFFBE
:1011A0003D462846F8BD6FF00A05D7E76FF0040505
:1011B000D4E710B5EFF31182202383F31288BFF335
:1011C0006F8F048B04F00704022C0AD0012C0CBF93
:1011D0006FF004006FF0850082F31188BFF36F8F0A
:1011E00008E0438B013B9BB2438323B92146F7F7C9
:1011F00003FF204610BD2046EEE738B5A8B1A1B1E7
:10120000EFF31185202282F31288BFF36F8F048BD6
:10121000FFF707FF30B104F0070085F31188BFF333
:101220006F8F38BD6FF07700F7E76FF01500F8E7C4
:10123000034658B1426802F00302012A03D0032A90
:1012400004D1026812B10020986070476FF0150059
:1012500070474268816002F00302032A4FF00002E7
:1012600003460CBF006810465A60704770B50C8882
:1012700006468888241A3069A4B2844285B224BF05
:10128000641BA4B22D1BA8B2984228BF184633682D
:10129000234413600B8803440B8070BD70B48389B2
:1012A00085880669ED1AADB2731B934228BF1346B9
:1012B00070BC0A46011DFFF7D9BF70B40E46014647
:1012C000C58831F80A3FEC1AA3B2934228BF1346EF
:1012D000324670BCFFF7CABF10B54B880C88E41AC1
:1012E000A4B294420ED31A4492B28B884A800A80E8
:1012F0000069D21A92B2824201D2002010BD03448A
:101300008B80FAE76FF01500F8E72DE9F341064608
:101310000F4615464FF000082A4601A93046FFF750
:10132000BDFF044640B102463946019803F082FFF2
:101330002D1BA0442744EFD14246311D3046FFF714
:10134000CBFF404602B0BDE8F0812DE9F3410746EE
:101350000E4615464FF000082A4601A93846FFF709
:10136000ACFF044648B12EB102460199304603F065
:1013700061FF26442D1BA044EED1424607F10A012D
:101380003846FFF7A9FF404602B0BDE8F08170473C
:1013900003F05EBF03F04EBF01460068F7F7AEBF33
:1013A00008B5F7F7DBFFBDE80840F8F7FBBA002106
:1013B0000120F7F7A3BF6FF08500704761B662B6F2
:1013C00080F31188BFF36F8F704772B6002383F3E9
:1013D0001188BFF36F8FBFF34F8F30BF62B6BFF37B
:1013E0006F8F7047202809D9B0F1004F08D8013815
:1013F000B0FA80F0C0F11F0040007047082070472D
:101400003E20704708B5F8F7ABFC002008BDBFF3DD
:101410005B8F50E8003F013340E80032002AF8D1EA
:10142000BFF35B8F7047002303824369C36070473B
:1014300008B501460830FFF7EAFF084608BD10B5B9
:1014400008B14B6843604C68002308464B60F8F7CE
:101450004FFD204610BD8388026819448180D01852
:10146000704730B484880568A3188380281930BC7D
:1014700003F0E0BE10B5838802685C1C8480D15400
:10148000D01810BD30B5838802689D1CD4188580A3
:10149000D154090A617030BD83885B1A9BB2838086
:1014A0000068184470478288521A03468280006898
:1014B0000844186070474FF0FF324FF0FF3304309C
:1014C000FDF7E4B8FDF754B990F86C00C0F3411093
:1014D0007047F8B504461E460D461746FFF7EBFF6A
:1014E00094F86C309B0715D425B1012D10D06FF006
:1014F000150508E0216F0029F9D09DF818300F710B
:101500004E718B710025201DFFF7DCFF2846F8BDCA
:10151000616FF0E76FF00F05F5E790F86C00C0F32E
:101520008000704738B50446FDF7D8FF2046FFF726
:10153000C2FFA06940B96FF01205201DFFF7C2FF7E
:10154000FDF7E0FF284638BD94F86C30DB0716D471
:1015500003F00DFA0028EED02046F9F75FFB0546B0
:101560000028EAD10146242204F1280003F070FE8D
:1015700094F86C3043F0010384F86C30DDE76FF0D1
:101580007705DAE770B50446FDF7A8FF2046FFF7B8
:1015900092FF94F86C30DA0731D5C3F340019B0712
:1015A00030D4A06901F027FC0646A06901F0B3FC25
:1015B0000546B0B9A36F4BB13146204600F08DF916
:1015C0000546A8B1A06901F0D2FC0AE0A06901F0CB
:1015D0004AFCA0670028EFD1A06901F0C8FC6FF0B9
:1015E0000B05201DFFF76EFFFDF78CFF284670BD31
:1015F00094F86C3043F0020384F86C30F1E74FF05C
:10160000FF35EEE76FF07705EBE70246034652F849
:10161000640F90420BD100207047027A8A42FBD0BF
:101620009A6E8242F7D000680028F6D170470028F1
:10163000F3D1704738B504460D46FFF73CFF94F8E8
:101640006C30DB0718D42B690BB9EB68BBB1636E48
:101650001BB904F16403C4E919332B6893B9A26E72
:1016600004F16401C5E900121560A5661D46201D40
:10167000FFF728FF284638BD4FF0FF35F7E76FF03A
:101680001505F4E76FF07705F1E710B5044603465A
:1016900054F84C0FA0420DD100200DE0447D8C4247
:1016A00004D1032909D1047A944205D01C6D8442E7
:1016B000F2D000680028F1D110BD0F29F5E72DE91F
:1016C000F04105460C46061D4FF0FF324FF0FF3348
:1016D0003046FCF7DBFF2F6F002F6DD095F86C3094
:1016E000DB0769D4EB6C1BB905F14C03C5E9133377
:1016F0002368002B63D1637D0F2B09D1237A012B43
:101700000CD02B6D05F14C02C4E900231C602C6544
:10171000637D032B0FD04FF0000806E0E1682846F8
:10172000FFF788FF80460028EBD03046FDF720F811
:101730004046BDE8F081EA6C05F14C0090421ED1B4
:10174000002329E091F815C0BCF1030F10D001333C
:1017500023724B68C4E900131C604C60637A022B4F
:1017600024D0032B25D0012BD5D1237ABB73D2E70C
:1017700091F808C00CF1FF3C6345E8D11268002ADB
:10178000DED0517D2B6D03290DD19A42137A02D000
:1017900011680029D6D1013323722B6DC4E90003EF
:1017A0001C602C65DAE79342E8D1C9E7237AFB7322
:1017B000B1E7237A3B74AEE74FF0FF38B5E76FF03F
:1017C0007708B2E70346006800B1187A704783884B
:1017D000C2888168D21A03685B1AD01A7047034620
:1017E000C08808B11878C009704770B50C46154616
:1017F00000F0ECFA40B1406883681B6823B12A46C8
:101800002146BDE87040184770BD38B580210446B8
:10181000806901F04BFB054650B10146204600F0BF
:101820007BFC044610B12846F8F762FB204638BD21
:101830006FF00B04FAE738B50446806FFFF7F8FD48
:101840000546FFF7F0FD2046294600F065FC0446FA
:1018500010B12846F8F74CFB204638BDF8B50446D1
:10186000866803690D461746BFF35B8FD3F8A03037
:10187000BFF35B8F9B070ED5B36A7BB1F36B9847C1
:10188000B36A29463A4620469847336C05462046B7
:1018900098472846F8BD4FF0FF35FAE76FF0850509
:1018A000F7E770B50446866803690D46BFF35B8FA2
:1018B000D3F8A030BFF35B8F9B070BD5F36B984732
:1018C000736A294620469847336C05462046984758
:1018D000284670BD4FF0FF35FAE710B5044619B938
:1018E000002084F8300010BDFFF7A5FF0028F7D0D6
:1018F000F9E738B590F83030022B0D4604D100F0EE
:1019000060F908B1C46804B938BD2B78032B05D041
:10191000052B0ED0022B08D02468F4E7606883689A
:101920005B69002BF8D09847F6E7606883689B698D
:10193000F7E760688368DB69F3E7012270B5154655
:101940000B685BB302F07F04103423FA04F6F60749
:1019500010D5036823FA04F6F60702D46FF01500D9
:1019600070BD05FA04F423EA040303600B6823EA5C
:1019700004030B60D340DE070DD5036823FA02F49D
:10198000E407EBD505FA02F423EA040303600B68CD
:1019900023EA04030B600132102AD1D10020DFE7D3
:1019A0002DE9F04F8369026F1B6993F88030C3F310
:1019B0004113022B8FB081460ED0032B0ED0012B8A
:1019C0000CBF10230823D371D9F854800026B8F136
:1019D000000F05D14046AEE02023F4E74023F2E7B4
:1019E000D8F80430D8F80C4003930C9604967CB9D0
:1019F000049B039A09339BB293701B0AD370167130
:101A0000D8F80C40002C40F0B080D8F80080DDE71A
:101A1000606883681B6B00250D95002B00F0A38088
:101A200029469847002800F09E80C4E90355A0F19C
:101A3000040B35465BF8043F0BB11A7822B9B54266
:101A40007CD86FF0150076E05A780B2A08BF9D709D
:101A5000DBF800305A78042A10D1E2680D990A4365
:101A6000E260DA78002A57D19D7023690122AA40EA
:101A7000134301352361EDB200230D93DBF80070B1
:101A80007B78052BD6D1D9F8183008936FF0120067
:101A90004FF0010A7A793B7943EA0223ADF82E3000
:101AA0000C9B069397F90230069A002B5FFA8AF195
:101AB000BBBF41F080014BB24FFA8AF30793B9BF25
:101AC00021F08003103307935346DA40D2072AD41B
:101AD0000D9A059222FA03F3DB0724D4BB79FA7836
:101AE000089800930DF12E03099101F008F8099967
:101AF000C8B9079BB970002BBCBF21F08001103121
:101B000001238B4006980599BDF82E20BA80194311
:101B10000343CDE90C318DE76A1E9A700DA90CA81C
:101B2000FFF70BFFA8E70AF1010ABAF1100FB1D1D4
:101B300000283FF47FAF0FB0BDE8F08FE3680D9A47
:101B40001343E360606883689B6AD3B198470028B9
:101B5000F1D10146606800F000F9049B2468034459
:101B600004932E4643E73546ECE7E368A36004F1AF
:101B70000C010CA8FFF7E1FE00287FF462AF246897
:101B800040E76FF08500D6E74FF0FF324FF0FF33AC
:101B90000430FCF77BBDFCF7EBBD21B101290DD072
:101BA00000231B68FFDE5430006848B143685B794E
:101BB000934205D000680028F8D170475C30F3E705
:101BC000704710B590F83030022B044609D1FFF76A
:101BD0007BFC94F8382001462046BDE81040FFF712
:101BE000DCBF002010BD08B5FFF7D7FF003818BFD5
:101BF000012008BD2DE9F04104460E46FFF764FCC4
:101C000094F838308046CBB9002E3BD0324641465E
:101C10002046FFF7C2FF0746A8B10246204600F063
:101C2000D1F9054688B984F83860FC6864B3606807
:101C300083681B6A03B198472468F7E72046FFF7DB
:101C4000C0FF074620B96FF03C052846BDE8F0818B
:101C50000146204600F08CF910220546002104F1CF
:101C60003A0003F0F5FA002384F83830FF6817B91A
:101C7000002DC9D0E9E7786883685B6A03B19847AB
:101C80003F68F4E784F838600025DEE7F8B50446DD
:101C90000E4657681546FFF777FF94F86C30D90762
:101CA0004BD4012E4CD0FB799A0605D5A3691B694C
:101CB00093F880309B0743D5002E41D1E36D53B993
:101CC000626D62B9236F6A685B7C0133DBB253716A
:101CD000226F53740EE09D4235D01B68EFE79542AA
:101CE00025D12A68EBB9A36D62659D4200D1A2653A
:101CF00000232B60A96841B12046FFF7E0FC0646AF
:101D000050B9A868FFF75EFDB87100232B60A36D82
:101D100083B9C4E915550026201DFFF73CFF304666
:101D2000F8BD1A60A26D954208BFA365E0E71346AF
:101D30001268C6E71D60A565EDE76FF00F06EBE7DB
:101D40006FF08506E8E76FF01506E5E74FF0FF3224
:101D50004FF0FF330430FCF799BC08B583681B6B68
:101D60000BB198470346002023B153F8042B0AB166
:101D7000127802B908BD1044F6E710B51C46FFF70B
:101D80000CFF48B10122C06802FA04F320B10269D5
:101D9000134201D10068F9E710BD10B50C46FFF7FA
:101DA00010FF48B10123C06803FA04F120B10369B0
:101DB000194201D10068F9E710BDD1F81A00836813
:101DC0001B6903B118476FF08500704770B501F0CB
:101DD0007F0311F0800F18BF103301259D4090F84C
:101DE0003030022B044601D0002070BD90F83860DE
:101DF000FFF76AFB324601462046FFF7CEFE002879
:101E0000F2D0C0680028EFD083681D42EDD1006891
:101E1000F8E738B50C46FFF7D4FE80B1C06870B162
:101E20004368DA681AB111790023994201DC00682D
:101E3000F5E71568ED5CA54201D00133F5E738BD43
:101E40002DE9F04105461E460846002A42D1F8F722
:101E5000FDFE044600283DD02846FFF777FF95F8A1
:101E60006C30DA0707D56FF00F04281DFCF780FCF3
:101E70002046BDE8F081676804F11408BFF35B8F6A
:101E80006369BFF35B8FDB07EDD47B680BB19D42C9
:101E9000E9D1324600212846FFF77FFEB8B1002382
:101EA0002360036983B9C0E90344BFF35B8F58E83B
:101EB000003F43F0010348E80032002AF7D1BFF3A6
:101EC0005B8F00247D60D0E71C600461EDE76FF05C
:101ED0003C04CAE76FF01204CAE72DE9F8434C68E6
:101EE0009DF820900D46984606461746FFF7ECFAF7
:101EF000A3681B6B01461BB96FF01500BDE8F883A2
:101F0000204698470028F7D0041F0C35002054F8CD
:101F1000041F09B10B782BB9002814BF00206FF003
:101F20003C00EBE74B78042B0BD1F8B98B78434599
:101F3000EDD1CB784B45EAD10B79002BDED00120D7
:101F4000E5E7052BE3D10028E1D0012F07D0022FD0
:101F5000F5D18978B0692A4600F0C3F803E0B0698A
:101F60002A4600F0A2F80028E9D0C7E70020C5E71C
:101F7000F8B5CC6806460CB9204622E004F10C07FF
:101F80000125E268AAB165F07F03D9B203F07F03AF
:101F90001033DA40D2070ED4E368EB40DB0705D5F7
:101FA000B0693A46E9B200F09CF850B90135102DFD
:101FB000E7D12468DFE7B0693A4600F092F80028DC
:101FC000EAD0F8BD2DE9F3475768002497F805805B
:101FD00005460E46A1463B79A34203DC002002B031
:101FE000BDE8F0875FFA84FA3146534642462846F8
:101FF000FFF7C3FE014650B1CDF8009053460122D1
:102000002846FFF76AFF0028E9D10134E3E76FF0C3
:102010003C00E4E72DE9F74380460D461746FFF7FD
:10202000BCFE064628B96FF00104204603B0BDE8A7
:10203000F0830F2DF7D808EB0509014699F83A40CF
:1020400000972B4600224046FFF747FF0028EAD1C1
:1020500000942B46022231464046FFF73EFF0446DD
:102060000028E2D100972B46012231464046FFF777
:1020700034FF04460028D8D1706883685B6813B1C8
:102080003A462946984789F83A70CEE711F0800F12
:1020900018BF21F0800102684FF0010318BF103112
:1020A0008B4022EA03030360704737B58B790093B6
:1020B0008B880C461546CA78897800F098FD70B96F
:1020C00094F90230A1782A68002BB8BF21F0800172
:1020D0004FF00103B8BF10318B4013432B6003B0A6
:1020E00030BDF8B506460D46174600F0C8FD04465B
:1020F00058B929463846FFF7C9FF2946304600F04F
:1021000091FE044608B902F099FE2046F8BD0A4641
:102110008069802100F0B6BE2DE9F0410B7E0C46AF
:10212000590605462ED123B3FFF7F7F970BB2846B1
:10213000D5F87080268AEF8DFFF7C6F9F8B1421EF8
:10214000534253419B01228A9AB1BE42E98D3246E5
:1021500028BF3A4691420CD9B2FBF3F103FB11229E
:102160003AB994F91830002BBEBF637E43F00803E0
:102170006376A8692146BDE8F04100F0F6BD98F805
:102180000730E0E76FF01500BDE8F0814FF0FF3059
:10219000FAE743689869F8F79BBE70B591F9183073
:1021A0004668002B05460C4607DBC4F81A50B06998
:1021B0002146BDE8704000F0D8BD3046FFF7ADF9CC
:1021C0000028F2D04FF0FF3070BD806900F07FBE74
:1021D00038B5054680690C4600F06DFD60B914F015
:1021E000800F18BF24F080046A6B4FF0010318BF02
:1021F0001034A34013436B6338BD70B50546806946
:102200000E4600F082FD044620B9314605F1340047
:10221000FFF73CFF204670BD0B0648BF21F0800150
:10222000406B48BF1031C84000F00100704782B0D9
:10223000C3698DF8001001922BB102AB13E90600BF
:1022400002B0F8F75DBD02B0704782B0C3698DF887
:10225000001001922BB102AB13E9060002B0F8F7AF
:102260004FBD02B07047704703695B68D86870471C
:1022700043680361037A63B1012B0CBF022303237C
:102280004375437A5A1E032A05D8DFE802F0050594
:1022900005050123F4E700230375837A062B09D093
:1022A000072B09D0052B0CBF002303238375837EE6
:1022B000C37570470123F9E70223F7E7036993F831
:1022C000400030B1DA6B9388918910695B1A9BB238
:1022D000C01A7047036993F838007047036993F890
:1022E000402012B993F83800704701207047036905
:1022F000C3E907127047BFF35B8F0068BFF35B8FC2
:10230000084100F00100704703691B69BFF35B8F50
:10231000883353E8001F41F0020143E80012002A0D
:10232000F7D1BFF35B8F704710B50469606BFFF79F
:102330000CF810B1012384F8393010BD10B50469D0
:10234000606B4289C3889A4202D14FF0FF3010BDC2
:102350000122FEF7FAFF0028F7D004F17800FCF71D
:102360001DFC0020F3E738B50469EFF31185202345
:1023700083F31288BFF36F8FE06BFEF7C6FF85F320
:102380001188BFF36F8F10B1012384F8413038BD3D
:1023900038B5034640681B695D68AC68A37A84F869
:1023A000223094F82D3084F82330A376696841B147
:1023B000237C33B9FFF783F918B96868FFF702FA8D
:1023C0002074002038BD01238B40DB43BFF35B8FBB
:1023D00050E8002F1A4040E800210029F8D1BFF34F
:1023E0005B8F7047006902218830FFF7ECBF0069FE
:1023F00003218830FFF7E7BF08B50369186900219A
:102400008830FFF7E0FFBDE808400121FFF7DBBFA0
:102410000369186901218830FFF7D5BF2DE9F0471E
:1024200050F8483C00F140045B6806460021204615
:10243000D3F80090FFF75FFF002850D0012120461D
:10244000FFF759FF0746002849D1BFF35B8F54E8D7
:10245000003F43F0200244E800210029F7D1BFF3F8
:102460005B8F9B063BD4D9F810305B689B68402299
:1024700093F836104846FFF78CFE054650B92046C3
:102480000521FFF7A0FF30462122BDE8F0470023D9
:10249000FCF7F4BB8246428A5AF80C1F56F80C0C23
:1024A000FEF753FF804601465046FEF7D4FFB8F1D1
:1024B000000F04D008F03F08B8FA88F77F0906F843
:1024C0002D7C29464846FFF768FE40B12846F7F7BD
:1024D0000FFD20460521BDE8F047FFF774BFBDE8BA
:1024E000F087F8B50D46016947680C6949682B7E8D
:1024F0008968064691F83D102AB3994204D1042117
:1025000004F18800FFF75FFF33692A7E5B689B68F0
:1025100093F836309A4204D1052104F18800FFF780
:1025200052FF33692A7E5B689B6893F826309A4293
:1025300003D104F18C00FCF7F7F929463846BDE8D1
:10254000F840FFF742BE994214D12A8AE968606BCD
:10255000FEF7DBFE28B1E3691BB104F12400FCF7B0
:102560001DFB04F188000421FFF72DFF04F1780022
:10257000FCF714FB33692A7E5B689B6893F836305E
:102580009A4215D1E3691BB104F12400FCF706FB64
:10259000052104F18800FFF716FFE36B5A89DB88F9
:1025A0009A4205D00022002304F14800FCF766FBA4
:1025B00033692A7E5B689B6893F826309A42BCD1C7
:1025C00004F18C00FCF756F9B7E738B550F8783CC1
:1025D0005B681D6800F11003024600211846FFF7F2
:1025E0008AFE002836D001211846FFF784FE88BBFA
:1025F00052F8441C8A8888890969121A92B28A1A88
:102600003F2A27D9BFF35B8F53E8002F42F0100118
:1026100043E800100028F7D1BFF35B8FD30619D42D
:102620002B695B689B68402293F83D102846FFF7B2
:10263000B0FD044670B1438A402B28BF402343823B
:1026400001462846FFF7A9FD20B12046BDE83840E5
:10265000F7F74EBC38BD38B550F8083C0446002B9F
:102660004FD050F8243C5B6800F164051A680023E1
:102670008382838302212846FFF73DFEB8B154E9E7
:10268000023110699847637D1BB104F15400FCF7D7
:1026900085FA05212846FFF72EFE98B9637F6BB1B6
:1026A0000022002304F12400FCF7E8FA0AE00321E9
:1026B0002846FFF720FE0028E1D1E4E714F8093CA2
:1026C000002BEDD102212846FFF715FE38B1236912
:1026D0005A89DB889A4202D02046FCF75FFA032130
:1026E0002846FFF708FE60B1A269938891891269B4
:1026F0005B1A9BB29A4204D02046BDE83840FCF7F2
:102700004DBA38BD08B5036903F1880202211046AD
:10271000FFF7F1FD28B1596BC8884989401A18BFE5
:10272000012083F8380003211046FFF7E4FD40B193
:10273000DA6B908891891269401A80B2801A18BFAA
:10274000012083F8400008BD0069BFF35B8F00F1F2
:10275000880353E8001F41F0080143E80012002AF3
:10276000F7D1BFF35B8FC26B9388918912695B1AB3
:102770009BB29A4202D02430FCF710BA704738B5A9
:102780000469BFF35B8F04F1880555E8003F43F00F
:10279000040345E80032002AF7D1BFF35B8F636B77
:1027A0005A89DB889A4203D004F12400FCF7F6F939
:1027B00004212846FFF79FFD28B904F17800BDE801
:1027C0003840FCF7EBB938BD70B503691C69BFF33D
:1027D0005B8F04F1880555E8002F42F0010245E8BF
:1027E00000210029F7D1BFF35B8F02212846FFF7B4
:1027F00082FD10B11846FFF7C2FFE3691BB904F16F
:102800007800FCF7CBF9E36B5A89DB889A420AD14E
:1028100003212846FFF76FFD68B104F12400BDE8ED
:102820007040FCF7BBB904F148000022BDE87040DD
:102830000023FCF723BA70BDF0B59DF81460044680
:10284000014418468C4200D1F0BD14F8013B082524
:1028500058403EB140F30003134083EA5000013D6D
:10286000F7D1EFE747B24300D8B2002FB8BF5040CE
:10287000F5E738B50446807AF7F7B4FA616905469A
:1028800049B1637ADB0704D4C3691B6820469B689F
:1028900098470023636121462846BDE8384002F08E
:1028A000FEB930B50906847C054614D414F0400006
:1028B00016D0298AC3F30A00C1F30A01884220D83E
:1028C00002F00300022809D003280AD0012811D001
:1028D00004F0010004E014F02000E9E7C4F38000F4
:1028E00030BD14F00200FBD013F4C05F0BD0C4F372
:1028F0000010F5E714F0080207D013F4C05FEFD022
:10290000F5E70020ECE70120EAE71046E8E7BFF32F
:102910005B8FD0F8A000BFF35B8F00F00100704721
:10292000BFF35B8FD0F8A000BFF35B8FC0F3400014
:102930007047026902F1A003BFF35B8FD2F8A020B9
:10294000BFF35B8FBFF35B8F51B153E8001F41F0C2
:10295000040143E80012002AF7D1BFF35B8F7047F0
:1029600053E8001F21F0040143E80012002AF4D0CC
:10297000F6E701F00F030906026948BF103352F869
:1029800023007047007DC0F300107047037D61F3A2
:1029900004130375704708B502691046FFF7B7FFC7
:1029A00060B9087E00F00F03000648BF103342F8FC
:1029B0002310084602F060F9002008BD6FF00C00FB
:1029C000FBE700220023FBF723BF02F072B902F0FD
:1029D0005BB9407EC0F3C0007047437E23F008031C
:1029E000437670471FB504698DF80410CDE90220C5
:1029F000D4F8983001A9984704B010BD1FB50469F8
:102A0000034606208DF804002046CDE90213FFF7A7
:102A10007EFF40B1C1F81E20D4F8982001A91846C5
:102A2000904704B010BD4FF0FF30FAE738B50546C7
:102A30000C462046FFF7C5FF014600B938BD6FF0D0
:102A400070022846FFF7DAFFF3E72DE9F84306693D
:102A50000746D6F80090D6F840800D464FF0FF327A
:102A60004FF0FF3306F18400FBF710FE4046FFF7FE
:102A7000A8FF014618BB4846FFF7A3FF044620BB4A
:102A800099F8143023F0100389F8143098F81430B2
:102A900023F0100388F8143024BB012286F8B020FC
:102AA000EDB12B68C6F8A8306B68C6F8AC3086F874
:102AB000B12038698430BDE8F843FBF759BE6FF0A8
:102AC00067023846FFF79AFFD0E7637EDB07D7D46B
:102AD0006FF0670221463846FFF790FFCBE786F894
:102AE000B150E6E72DB10822294604F10C00FEF7AB
:102AF000B8FC002221463846FFF780FFD9E72DE9D0
:102B0000F8430546D0F80890884614461F46FFF75C
:102B100030FF0646002835D0D9F83C302846984783
:102B200041463B8822463046FFF7BBFE804690B1C7
:102B30008BB92B6993F88030DB0758BF402204F033
:102B4000030446BF4FF480624FF400711146022C1B
:102B50000DD0032C11D02846D9F840309847B8F151
:102B6000000F14BF00206FF08500BDE8F883338AA2
:102B70008B4228BF0B463B80EDE7338A934228BF48
:102B80001346F8E76FF01200EFE72DE9F04705462E
:102B9000D0F808A0894690461F46FFF7EAFE044693
:102BA00010B3067DF3071CD43B4642464946FFF767
:102BB00078FEC8B19DF8203084F8198026F006060A
:102BC000678323772675DAF8183021462846984718
:102BD000227DB0FA80F35B0963F300022275BDE841
:102BE000F0876FF07700FAE76FF01200F7E72DE952
:102BF000F3411F464B06D0F8088004460D461646A2
:102C00001BD0D8F83C3098472069FFF789FE88B17F
:102C10009DF82030009329463B4632462046FFF778
:102C2000B4FF0546D8F8403020469847284602B001
:102C3000BDE8F0814FF0FF35F4E76FF01505F5E7DB
:102C400070B505468668FFF794FE044688B1037D9B
:102C5000DB0711D50146F3692846984738B1237D33
:102C600003F00103227D63F30002227570BD034669
:102C7000F8E76FF01200F9E76FF07700F6E770B54C
:102C80004B06866804460D4612D0F36B98472069C0
:102C9000FFF73DFE48B129462046FFF7D1FF054624
:102CA000336C20469847284670BD4FF0FF35F7E754
:102CB0006FF01505F7E770B586680546F36B0C46AF
:102CC00098472869FFF72CFEB0B121462846FFF748
:102CD00050FE014698B1037DDB0710D5437E03F01B
:102CE0000303012B0ED0F368284698470446284674
:102CF000336C9847204670BD4FF0FF34F7E76FF014
:102D00001204F4E76FF08504F1E7F8B5876806462A
:102D1000FB6B0C4698473069FFF702FEE0B1214695
:102D20003046FFF726FE0546C8B1037DDB0716D502
:102D3000437E03F00303012B14D001463B69304668
:102D40009847044618B92B7D60F341032B75304634
:102D50003B6C98472046F8BD4FF0FF34F7E76FF023
:102D60001204F4E76FF08504F1E72DE9F04186687D
:102D70000769F36B05460C4698472869FFF7D0FDB5
:102D800098B394F8188028464146FFF7F2FD0146B3
:102D900070B3037DDA072BD518F07F0F20D197F899
:102DA000B030EBB1637EDB0717D597F8B13033B1A4
:102DB000082207F1A80104F10C00FEF752FB0022E3
:102DC00087F8B02021462846FFF718FE044628461B
:102DD000336C98472046BDE8F0816FF06702F1E759
:102DE0007368224628469847F0E74FF0FF34EEE735
:102DF0006FF01204EBE770B5866805460C46F36B7E
:102E0000984721462846FFF7B4FD48B101F051FF2D
:102E1000B0FA80F464092846336C9847204670BDA8
:102E20000124F8E770B586680546F36B0C469847B1
:102E30002869FFF76CFD80B121462846FFF799FD10
:102E4000014668B104681CB1B36828469847044637
:102E50002846336C9847204670BD4FF0FF34F7E7A3
:102E60006FF01204F4E708B503691B6800215A8B60
:102E7000F8F72EF828B1437E23F0070343F001034F
:102E8000437608BD08B539B903691B685B8B013A05
:102E90001A44B2FBF3F25A43F8F71AF828B1437E0A
:102EA00023F0070343F00203437608BD08B561B978
:102EB00003691B685A8BF8F70BF828B1437E23F09F
:102EC000070343F00403437608BD0022F3E770B51F
:102ED00086680D46F36B044698472846F7F708F8CE
:102EE0002046336C9847002070BD70B58668054653
:102EF000F36B98472869FFF713FD044620B1336848
:102F00003BB12846984704462846336C98472046EC
:102F100070BD0124F8E7F8B587680669FB6B0446C5
:102F200098472069FFF7F3FCD8B12069FFF7F8FC58
:102F3000D0B9FB6A20469847054668B9BFF35B8F56
:102F400006F1A00353E8001F41F0020143E800121C
:102F5000002AF7D1BFF35B8F20463B6C9847284689
:102F6000F8BD4FF0FF35F7E76FF07705F4E7F8B5F8
:102F700087680669FB6B044698472069FFF7D0FC19
:102F8000B0B13B6B20469847BFF35B8F054606F117
:102F9000A00353E8001F21F0020143E80012002AB9
:102FA000F7D1BFF35B8F20463B6C98472846F8BDAE
:102FB0006FF07705F7E72DE9F0410546D0F8088076
:102FC000066914460F4631B32AB3D8F83C30984707
:102FD0002869FFF79CFCD8B9C6E926742846D8F8BA
:102FE00034309847044660B9BFF35B8FA03656E88B
:102FF000003F43F0010346E80032002AF7D1BFF357
:103000005B8FD8F84030284698472046BDE8F081CD
:103010006FF07704F5E76FF01504F6E7F8B5876809
:103020000669FB6B044698472069FFF779FCD0B925
:103030002069FFF76CFCC8B1BB6B20469847BFF313
:103040005B8F054606F1A00353E8001F21F0010144
:1030500043E80012002AF7D1BFF35B8F20463B6C98
:1030600098472846F8BD6FF00F05F7E76FF0770532
:10307000F4E74FF08053D3F83021082A05D1D3F874
:103080003401003818BF0120704700207047C34347
:10309000C3F3C01300F00F0000EB0310704708B536
:1030A00001F075FBFAF73EFD002008BD01238B40BF
:1030B000BFF35B8F50E8002F1A4340E8002100293E
:1030C000F8D1BFF35B8F704700698430FBF750BBCA
:1030D000006984304FF0FF324FF0FF33FBF7D6BA70
:1030E00010B5807A0C46F6F77DFEC3692146586814
:1030F000BDE8104001F09BBC73B5807A16461D46B2
:103100000C46F6F76FFE2168C369CDE9006503310F
:1031100021F0030258680421FBF79EF900B92060F2
:1031200002B070BD0369C9B20C2202FB0133186CF6
:1031300000F00700704770B50346C9B20069EFF3AD
:103140001186202484F31288BFF36F8F0C2505FBB2
:103150000104246C14F0C00401D0A24210D105FB7C
:10316000010001220264002086F31188BFF36F8FF3
:1031700028B95B6803EBC1035B689847002070BD0A
:103180004FF0FF30F0E78022FFF7D5BFF8B5069F7C
:1031900004690546C9B2EFF3118C202080F3128830
:1031A000BFF36F8F0C2606FB0146306C00F0070E54
:1031B000BEF1010F11D1376400268CF31188BFF3E3
:1031C0006F8F46B90C2000FB0144C4E90E236B68E5
:1031D00053F8313098473046F8BD00F0C0008742C0
:1031E0000CBF6FF077064FF0FF36E6E713B580248B
:1031F0000094FFF7CBFF02B010BD10B40069CBB252
:103200001C2404FB0300002110BC10471046FBF7F0
:1032100031BB00F0E8BFFAF75DBA43685B68D3F8EA
:1032200010350B600020704743685B6802EA0100BC
:1032300021EA0201C3F80805C3F80C150020704705
:1032400043685B680020C3F80815704743685B68F3
:103250000020C3F80C15704743685B68D3F8042559
:1032600021EA02001140C3F80805C3F80C1500203C
:10327000704730B50369586800B30024884219D1FB
:1032800008688CB99C685860A14200D19860002001
:1032900008602AB15A680A609A68596002B9996050
:1032A00000200FE02846E9E720609868814208BFC7
:1032B0009C60ECE705680446002DF3D1002AE9D1B3
:1032C0006FF0150030BDFAF715BB13B54FF0805203
:1032D0000829136E526E28BF082112BA00921BBA39
:1032E0000C460A466946019301F0A4FF204602B04D
:1032F00010BD02780B69012A07D0022A08D052B902
:10330000DA6403F13C00FBF7B5BA6FF00D02F7E7A2
:103310006FF00A02F4E76FF00402F1E738B50446F3
:1033200005690122114605F12C0001F0C6FC0122BD
:1033300005F13C00002101F0C0FC2046BDE838400A
:1033400000F025B900692C30FBF7C8BA00692C30B1
:10335000FBF790BA2DE9F04F87B0D0F810B0049386
:103360004368D3F820809B8A039317464FF0FF33BE
:103370004FF0FF3205460C46FFF7E4FF0BF13C032C
:103380000293002300220BF13C000026FBF7A6FA73
:103390003346BE4201D3002335E0207A01077BD4B7
:1033A0000136BE4221680BD2820709D4227D80EA11
:1033B000020C0CF0010C02F004025CEA020C2BD0AF
:1033C000002B45D101F06042B2F1005F43D1D4F847
:1033D00000A0A3884FF00009049ACBF850A00092F7
:1033E000217A5246284600F0A0F8031E0BDB4FF46A
:1033F000804202980023FBF771FA70B3284600F070
:1034000063F86FF0730328460293FFF79FFF029B58
:10341000184607B0BDE8F08F4FF001096268DDF88B
:103420000CE003EB020CF44539D8C00705D408EBD7
:103430000300059301F0FEFE059B62681A4493B2F7
:10344000B9F1000F11D1002BC1D09946C246C3E794
:103450004FF00009E2E79946E0E7DBF84C30002B3B
:1034600020DB237ADB0702D400230C3491E7C2452A
:10347000FAD1A24609E0A9EB02011FFA81F9DAF8B4
:103480000C0018FA81F101F0D5FEDAF8042091451C
:10349000AAF10C0AEFD2E7E76FF08503B3E76FF00C
:1034A0001B03B0E76FF00403ADE713B501AA0446B0
:1034B00000F086F8002805DB019B2268197918685E
:1034C000F9F754F902B010BD70B54568A86A0368F1
:1034D000D3F80845D3F80C65FAF7CCFB3146204603
:1034E000FAF70EFE00210446E869FFF7DEFFA86A3E
:1034F00001F00CFA204670BDCA07436805D4C1F339
:103500004201012904D002290AD06FF0150070474A
:103510009B6A1B684FF0CC72C3F8242500207047CB
:103520009B6A4FF0C8621B68F6E7F0B587B0476842
:103530000C461646002112220DF106001D4601F030
:1035400087FE04F001038DF80430BDF830308DF8AB
:103550000530BB8C0295AB4204960AD3C4F34002FB
:1035600082F00102B86A520101A9FAF7A7FB07B07D
:10357000F0BD6FF01B00FAE710B544680021E06968
:10358000FFF793FFA06ABDE8104001F0BFB938B55E
:103590004568AB6904469847E8690121FFF785FF54
:1035A0002A69A86A2346294601F08DF9002804DB20
:1035B0002046FFF7E1FF002038BD6FF00400FBE775
:1035C00030B543681360057A446804EBC504A34230
:1035D00002D36FF0010030BD5C798C4203F1080327
:1035E000F0D10020F7E710B50469204601F0BCFADD
:1035F0000023636110BDF8B587687C6806469CB1FE
:10360000436893F82630DB071DD405694FF0FF337C
:103610004FF0FF322846FBF739F86B69002B05DCC9
:1036200000242846FBF7A4F82046F8BD013B6B6157
:10363000002BF5D17B6830469847041EBEBF6B69EE
:1036400001336B61EDE70024EEE7F0B4D0E90163EC
:103650001B693BB177688F4208DB3568954205DC12
:10366000F0BC18476FF05700F0BC70476FF01500C2
:10367000FAE7F0B4D0E901631B6A3BB137698F42C6
:1036800008DBF568954205DCF0BC18476FF0570081
:10369000F0BC70476FF01500FAE770B4D0E9016232
:1036A000956A03460C46A5B196F8242012B92B461C
:1036B00070BC1847306A024410F8011BA14202D1C5
:1036C00021461846F3E79042F6D16FF0850070BCB2
:1036D00070476FF05700FAE72DE9F341D0E9014751
:1036E0000E4694F825100569FF2980460FD194F8FD
:1036F000261001F00C01082914D0D8F808301B6BF3
:10370000003918BF01214BB96FF0570003E0FFF7F4
:10371000C4FF0028EBDA02B0BDE8F08140469847CC
:103720000028F8DBA268B2F1004F05D011464046F0
:10373000FFF78BFF0028EEDB6269B2F1004F05D086
:1037400011464046FFF795FF0028E4DB2368B3F1FC
:10375000004F14D0D8F808305B69002BD4D001A9F1
:10376000404698470028D6DB2268019B9A421CDD20
:1037700011464046FFF769FF002805DACBE762688B
:103780006FF000439A42E5D19EB994F826309B072A
:1037900016D03B68404698470028BCDBA069F9F783
:1037A000B1F86B6901336B610AE062689342EBDD4B
:1037B000DEE76B6901336B6194F82630DA0601D4D9
:1037C0000020A8E74046FFF716FFA4E7012303FA0D
:1037D00001F103691B68194218BF82F00102836876
:1037E0000AB1DB6818471B69FCE708B54368986AAB
:1037F00038B193F82C100122FFF7E8FF00EAE070DF
:1038000008BD6FF08500FBE743681B68B3F1004F0C
:1038100014BF00206FF00100B0FA80F0400970473B
:103820000346084631B95B681B68B3F1004F01D00D
:10383000136070476FF01500704743681B68B3F161
:10384000004F1ABF00200B606FF0010070472DE998
:10385000F843446894F8265005F003052F1E0646E9
:1038600018BF0127FFF7BFFEA06A30B99DBB3946DC
:103870003046BDE8F843FFF72FBF01F078F880B37A
:10388000002DE28DA06A94F82C100CBF4FF4B013F9
:103890004FF4D0131A43D0F81080D0F80890D8F81D
:1038A00000C042F3000303F4402353404FF0010EE5
:1038B00023F480120EFA01FEDB074CBF4EEA0C0324
:1038C0002CEA0E03C8F80030D9F8003098470028D9
:1038D000CCDABDE8F883A0690028C8D0FBF7D8FD92
:1038E000C5E76FF01200F4E74368986A20B193F8D7
:1038F0002C100022FFF76ABF6FF0850070471FB5DC
:1039000040BA0023ADF80C0000933122FF230221BE
:1039100003A8FEF791FF05B05DF804FB7FB50346F1
:10392000CDE901121546032200689B888DF80C2012
:103930000C469DF80C2042F002028DF80C208268A3
:1039400001A996680122B047002813DB032D0CBFA4
:10395000012603260025208840BA80B2FFF7CFFF5A
:10396000A378834208D10135EBB29E4204F10304EF
:10397000F1D8002004B070BD6FF00400FAE70146F2
:1039800040F2E73008B54FF47A72002300EBC13003
:10399000490CF4F737FBBDE8084001F0F2BA1FB557
:1039A000CDE9011202228DF80C209DF80C2042F086
:1039B00002028DF80C20826801A994680122A047B8
:1039C00004B010BD08B5437A012B08D0022B08D0F3
:1039D0004BB90121F9F790F800EAE07008BD0D211C
:1039E000F8E71421F6E76FF01500F7E710B5436824
:1039F0000446186800F0BBFFE0B160680221F9F7E7
:103A00007BF8002806DB60680021F9F775F80028CC
:103A10000BDA10BD15216068F9F76EF860681521A2
:103A2000F9F76AF80028EEDAF3E76068BDE81040BD
:103A3000FFF7C8BF6FF01200EBE710B5044640680F
:103A4000437A022B09D11521F9F756F86068152140
:103A5000F9F752F800EAE07010BD0221F8E710B55E
:103A60000269126A8B00D46803F0FC030C22102157
:103A7000A0470028B4BF6FF00400002010BD10B5AF
:103A800003691B6A0429DC6809D102230E22112173
:103A9000A0470028B4BF6FF00400002010BD8900CB
:103AA00001F0FC03F2E737B50469236A6A461D6832
:103AB00028210623A8470028A1BFBDF900302360B4
:103AC000BDF902306360A3BFBDF90430A3600020DC
:103AD0006FF0040003B030BD37B50469236A6A464D
:103AE0001D6822210623A8470028A1BFBDF9003088
:103AF0002361BDF902306361A3BFBDF90430A36146
:103B000000206FF0040003B030BD072910B5044653
:103B10000BD04C2905D003290BD1BDE81040FFF78D
:103B2000C2BFFFF7C0FF38B92046BDE81040FFF71D
:103B3000D3BF6FF0850010BD6FF00400FBE770B5D8
:103B400003290569144605D90B1F032B22D96FF0F1
:103B500085000DE0EE68022932460AD003290AD01A
:103B6000012914BF296869682046F4F74DFD00203B
:103B700070BDA968F8E729682046F4F745FD696833
:103B8000324604F10800F4F73FFDA968324604F11B
:103B90001000EAE7EE690629324609D0072909D064
:103BA000052914BF296969692046F4F759FDDEE744
:103BB000A969F9E729692046F4F752FD6969324697
:103BC00004F10800F4F74CFDA969324604F1100035
:103BD000EBE7F0B40C2707FB021414F8046C46F072
:103BE000020604F8046C8468A468A446F0BC60472C
:103BF00030B589B044688DF807100DF107010291C6
:103C00000121606803911D46002123898DF8101061
:103C1000CDE9052502A902228DF81C20FFF7D9FF66
:103C200009B030BD30B589B044688DF807100DF18A
:103C300007011D4602910121606823890391CDE9A6
:103C40000525002107228DF810108DF81C2002A9EF
:103C50000222FFF7BEFF09B030BD10B588B043683F
:103C60008DF807100DF107010291012158681B8999
:103C70000391CDE9052107228DF81C2000240222A2
:103C800002A98DF81040FFF7A4FF08B010BD2DE980
:103C9000F0471F46436888B0D3F8048093F808A023
:103CA0008DF80410002301268DF810300DF1030368
:103CB000CDE9053607230D4614460DF104098DF8AC
:103CC0001C300222534602A94046CDF808900396C4
:103CD000FFF77FFFB8B99DF8032022EA04033C40B8
:103CE0001C43A2420FD0022303938DF810303246BA
:103CF000534602A940468DF804508DF80540CDF892
:103D00000890FFF766FF08B0BDE8F08743681B68BE
:103D1000D3F88004C3F88004704742681368D3F86E
:103D2000100150B1D269002012780A70C3F8100156
:103D3000D3F8102101221A6070474FF0FF3070470E
:103D4000002A0FDD42681368D3F8100158B1002033
:103D5000C3F81001D269D3F8100112780A7001205B
:103D6000186070470020704710B543681C680369ED
:103D7000EFF31180202282F31288BFF36F8F1A684D
:103D8000D17B39B991731B680122DA734FF4800338
:103D9000C4F8043380F31188BFF36F8F10BD03693B
:103DA0001A68D17B21B1012191731B680022DA735B
:103DB0007047026911680346C87B40B15B681B68A5
:103DC000D3F8580118B100230B6113689889704724
:103DD00043681B68D3F81001003818BF01207047F2
:103DE00043681B68D3F80423D2065CBF1022C3F8D3
:103DF0000423704743681B68D3F80423D20644BFEA
:103E00001022C3F80823704743681B684FF4007200
:103E1000C3F80423704743681B684FF40072C3F86B
:103E20000823704738B543681D68D5F804335B0232
:103E3000044605D4D5F8040310F0100006D138BDAF
:103E4000FFF7B7FF0028F5D00120F8E72046BDE8CE
:103E50003840FFF7BDBF0369186801601B685A60EE
:103E6000704702680346D2F8580140B95B68DB0727
:103E700006D4D2F82001003818BF01207047012075
:103E8000704710B4436802691B68D3F80413C9056E
:103E900017D5D3F82011A1B1EFF31181202484F3B9
:103EA0001288BFF36F8FD3F8204134B10024C3F8D8
:103EB0002041D3F820410124DC6081F31188BFF355
:103EC0006F8F1168D3F8584171B17CB100240C6137
:103ED0001168C97B19B94FF48001C3F80813116840
:103EE0008C7B1CB100238B7310BC7047D3F824115A
:103EF00021B10021C3F82411D3F8243112681368CA
:103F0000002BF1D0516810BC184713B501AA044624
:103F1000FFF756FB002805DB019B2268197918681A
:103F2000F8F724FC02B010BDF8B5002205460121C7
:103F30000220F5F79FFC0220F5F76CFC6C6801216C
:103F4000E068FFF7E2FF6B681A682369C2F824355E
:103F5000617D237D0B43A17D0B43C2F86C356E68F8
:103F6000D6E9004313F001030ED02F6904F10C01D0
:103F700007F10C0204F5907000F0E0F800283ADB3D
:103F8000387BF9F7D9FA01230822C4F80025B26971
:103F9000C4F8442501210022C4F84825A1606BB96A
:103FA000D4F82031002BFBD0C4F82021D4F82031E4
:103FB0000123E3604FF48073C4F80433D4F858311C
:103FC000002BFBD00021C4F800156D682C68E86850
:103FD000FFF79BFF0823C4F800352A7A52B9EB6932
:103FE000C4F834350123C4F83835C4F81021D4F8A6
:103FF000102123600020F8BD2DE9F04106693368E7
:104000009C89BFF35B8F94420546A8BF14461033CA
:10401000012753E8002F002A03D143E8007000284D
:10402000F7D1BFF35B8F0CBF3B4600232BD1336826
:104030002246986801F0FEF8EFF31188202383F3FD
:104040001288BFF36F8F69680846FFF70AFF32686E
:1040500040B91061044688F31188BFF36F8F204682
:10406000BDE8F0810B689268C3F844250022C3F8CC
:104070004845C3F82021D3F82011C3F85821D3F8BC
:1040800058219F60E7E71C46E9E700F150039B00D9
:104090009BB203F1804303F5883300221A601B684A
:1040A00070474FF08053D3F83021082A03BFD3F86C
:1040B0003401B0FA80F04009002070470346002028
:1040C000184700F038BC10B502461168B1B1BFF313
:1040D0005B8FB1FA81F3C3F11F000123834021EA12
:1040E000030352E8004F8C4204D142E8003CBCF18B
:1040F000000FF6D1BFF35B8FE7D110BD6FF00B005F
:10410000FBE710B50368CB40DB0714D401238B40D9
:104110000268BFF35B8F43EA020150E8004F94420C
:1041200004D140E8001CBCF1000FF6D1BFF35B8F57
:10413000EED1002010BD6FF01500FBE770B50C4606
:104140000021054608461646F9F7E8F948B93378DC
:10415000DB0003F1804303F5F833C3F81055C3F8CF
:10416000144570BD10B1012802D07047F9F7B2BAFA
:10417000F9F762BA18B1012803D100F019B800F0BC
:1041800032B8704708B5F9F773FABDE80840F9F797
:10419000E1BA4FF08053D3F83021082A06D1D3F882
:1041A000340102288CBF0020012070470020704796
:1041B000F9F708BA38B54FF080440223C4F8083341
:1041C0000123E3600023C4F80431D4F8043142F23F
:1041D0001075D4F81834DB0304D50120FFF771FF04
:1041E000013DF6D138BDFFF7E5BFF7B5019001A855
:1041F000DDE9084716461D46F9F7E4FA019BB6F1DA
:10420000000C18BF4FF0010C00EB83000B1E18BF11
:104210000123002D43EA4C030CBF4FF0000C4FF07C
:104220000C0C002C43EA0C030CBF4FF0000C4FF4B5
:10423000E06C002F43EA0C03D0F800270CBF4FF0CE
:10424000000C4FF4403C43EA0C0322EA030301B1A3
:1042500009780EB13678760019430DB12D78AD008E
:1042600031430CB12478240229430FB13F783F0435
:104270000C433C43C0F8004703B0F0BD1FB50DF13F
:104280000F03019300238DF80F1000931A4619466F
:10429000FFF7ABFF05B05DF804FB10B50446084618
:1042A000F9F7A0FA04EB4004207DC0F3401010BDE4
:1042B00010B504460846F9F795FA04EB4004207D52
:1042C000C0F3400010BD10B504460846F9F78AFA5D
:1042D00004EB4004A08A400B10BD70B504460846AC
:1042E0001646F9F77FFA08300D4634F81030DA0533
:1042F00009D5C3F3432304EBC302314654F83330EA
:10430000526828469847A3682BB1E2683146284690
:10431000BDE87040184770BD10B504460846F9F76F
:1043200061FA04EB4000838ADA051DD5C3F343210B
:1043300023F4F853838204F1120204F1720032F87C
:10434000023F13F4807F03D0C3F3432399420BD081
:104350008242F4D104EBC10300225A6004F17800D8
:10436000BDE81040FFF7CDBE10BDF0B5034600F527
:104370008074002005460127844695420AD1D3F86F
:104380007C2132B10022C3F87C21D3F87C3140F08B
:104390000040F0BD25F0404607FA06F6314209D04C
:1043A000D4F800E0BEF1000F04D0C4F800C0D4F887
:1043B00000E0304301350434DFE738B504460D46EC
:1043C000FFF76BFFA8B12046FFF772FF88B92046C0
:1043D000FFF779FF226801238340C2F8083323687E
:1043E00003EB8000D0F8103523F00303C0F810353C
:1043F00038BD28460021BDE83840FFF73FBF2DE912
:10440000F043174685B004460846F9F7EBF9D7F8AC
:1044100000800E460546B8F1000F1ED02046FFF77B
:1044200047FF18B12046FFF738FF20BB0023CDE936
:1044300000338DF80E308DF80F300DF10F0243462A
:104440000DF10E013046FFF7D0FE04EB4502938AD2
:1044500023F0020343F0010393827B689BB3314650
:10446000204693F80080D3F80490FFF721FF28B18D
:10447000B9F1000F1FD06FF0150027E004EB4500E5
:10448000838A23F4604323F020038382B9F1000F71
:1044900011D0B8F1030FEED87B6821685B6893F800
:1044A00000C04FEA8C031944B8F1000F11D1C1F8D4
:1044B0001085C1F8108504EB4502938A23F01C0394
:1044C00043EA88039382BB6843BB002005B0BDE884
:1044D000F083D1F8102522F00302C1F810252268DC
:1044E0001344D3F8102522F44F3222F44072C3F85B
:1044F00010253202D3F8101502F47C5242EA084229
:104500000A43C3F8102504EB4C03A3F87C60838AAC
:1045100043EA4C3343F020038382CCE7D3E90078AD
:1045200031462046FFF7F8FE002FCED063689F4249
:1045300006D004F17800FFF7C6FD002804DAC5E7CD
:10454000A3689845F5D1002004EBC003C3E90178C6
:1045500004EB4505C0B2AB8A43EA402343F48073C1
:10456000AB82B2E72DE9F043054685B00846164612
:104570001F46F9F737F90C46804626B32846FFF761
:1045800097FE18B92846FFF788FE18BB05EB4809C7
:10459000B9F8143003F01C0313B17378012B19D050
:1045A00001238DF80F300023CDE90063721CB31C8A
:1045B0000DF10F012046FFF718FEB9F8143043F053
:1045C0000303A9F81430002F3FD021462846FFF7F7
:1045D0006FFE20B96FF0150005B0BDE8F0833E789E
:1045E0002B6803EB86030022C3F81025C3F81025BF
:1045F00005EB48024FEA860C938A23F4604323F0CC
:1046000020039382787800B32968BF78614400045E
:10461000D1F8103523F4991323F4F853C1F8103569
:10462000230200F4403003F47C5303433805D1F8EF
:10463000105500F4801003432B43C1F81035938AC2
:1046400043EA463343F0200393820020C4E7C0E9E5
:104650000312704770B504461546FFF71EFE48B1B9
:104660000846F9F7BFF804EB40040020A38A5B0B6F
:104670002B7070BD6FF01500FBE738B590F88C40DB
:1046800005469CB960222146143000F0E1FD2868FF
:10469000C0F87C41D0F87C3140F30730F5F7BAF828
:1046A000012385F88C30AB67204638BD6FF077006A
:1046B000FBE790F88C00003818BF01207047F9F72D
:1046C000CBB82DE9F34104461746FFF7E6FD0D464A
:1046D0002668F0B12046FFF7EBFD8046C8B92046BA
:1046E000FFF7F1FD820002F5807346F80380F3586E
:1046F00023681344D3F8102542F00102C3F81025B3
:1047000027B1226801238340C2F8043302B0BDE818
:10471000F081D6F80433002BA4BF4FF00043C6F855
:1047200004332846F9F75EF804EB4004A38AC3F388
:104730008203042B12D0052B12D001A80195F9F7A2
:1047400041F8019BD0F81015D94001F00101023168
:10475000284602B0BDE8F041FFF790BD0321F7E71E
:104760000221F5E7FFF729BE00F180431A68002A0D
:104770001FBF00221A601B68012008BF002070477D
:104780004FF080434FF46072C3F8042370474FF03A
:1047900080434FF46072C3F80823704708B5F9F7F7
:1047A000D7F9BDE80840FFF7EDBC91F8202003469B
:1047B000032A29D8DFE802F0212519028A6850036C
:1047C00004D5D3F84C250869904207D18A68520372
:1047D0001AD4D3F84C258969914215D000200622BD
:1047E000C3F80005C3F800257047D3F84C250869C5
:1047F0009042F3D1D3F83C25EDE7D3F84C25096975
:10480000EAE7D3F83C25FAE70120704730B5950870
:10481000403D0124AC400C4208D0815831B1002108
:104820008150825813B11A6822431A6030BD13B503
:1048300000230C4601934FF4A47201ABFFF7E6FF8F
:1048400021464FF48272FFF7E1FF21464FF4927246
:10485000FFF7DCFF21464FF4A872FFF7D7FF214690
:104860004FF4A672FFF7D2FF21464FF4B072FFF764
:10487000CDFF4FF4AE722146FFF7C8FF019802B09A
:1048800010BD10B44FF080528B68D2F83021CC7B31
:10489000082A04D1B3F1C86F08BF4FF0C46302689F
:1048A0002CB9D1E90041C2F80845C2F80C15C2F88C
:1048B000243543682BB1006810BC40F30730F4F78F
:1048C000A9BF10BC704738B50D4690F826100446B5
:1048D000C9B9C160C0E9012380F8291080F8281007
:1048E00065B1AB7B80F82B302846F9F781F96B7BFB
:1048F00084F82A3029462046FFF7C3FF012384F8B5
:104900002630002038BD6FF07700FBE703680622F1
:10491000C3F80025022380F82630704707B50190C0
:1049200001A8F9F7DDFB019A01239340C0F808358F
:1049300003B05DF804FB08B1F5F71EBB704710B576
:10494000436904463BB90020E268537843F0010311
:104950005370404210BD98470028F4D00028B8BFDB
:104960004042E368FF28A8BFFF201870ECE740B181
:10497000C368587810F001001EBF1878B0FA80F0B4
:1049800040097047EFF31183202383F31288BFF3AC
:104990006F8FFEE708B5FFF7F5FF2DE9F04F89B0FF
:1049A000DDE91268059243460546324606A80F46E1
:1049B00000F07BFBDDE90634CDE90234EFF311842E
:1049C0004FF0200989F31288BFF36F8F05F10C0AAD
:1049D00005F1140B059A149B39462846984730B1C7
:1049E00084F31188BFF36F8F09B0BDE8F08F56EAEA
:1049F0000806F5D0DDE9022306A800F07BFBDDE91F
:104A000006685246CDE9006821465846FAF74AFC46
:104A1000EFF3118489F31288BFF36F8FDAE710B4D4
:104A200000F10C04C0E9034410BCFCF7AABA38B585
:104A30000446EFF31185202383F31288BFF36F8FB1
:104A4000FCF7A8F904F10C0000F08CFA30B129460B
:104A500004F11400BDE8384000F069BA85F311880C
:104A6000BFF36F8F38BD10B542696AB1836842EAFF
:104A70000301890708D10169A2FB011424B95B185D
:104A80002CBF0121002102D36FF0150005E0C160A9
:104A90009B1A02698A4201D8002010BDC2681A60C0
:104AA0004269C36001319B1AF3E72DE9F0410546E5
:104AB0000F46EFF31188202383F31288BFF36F8F23
:104AC000C668FEB90468A0421CD0DCB1D4E900324B
:104AD00013605A60237CA66023F002032374C4E9A8
:104AE000006604F11800FAF75DFE2046C4F8806005
:104AF000676100F0DDF9414605F10800BDE8F041CD
:104B000000F015BA3E60AB69EF60013BAB6188F322
:104B10001188BFF36F8FBDE8F08110B52024EFF34B
:104B2000118384F31288BFF36F8FFCF74EFCF6E716
:104B3000D0E9003213605A60027C002322F00202A6
:104B4000C0E9003302748360704713B501240094F8
:104B5000F9F7D2FC02B010BD90F90E308B4201D0B3
:104B6000FAF7CCBB0020704703460020C3E90200DF
:104B7000C3E900337047D0E9003213605A60027C09
:104B8000002322F00202C0E9003302748360704700
:104B90002DE9F843904604469DF820200D46EFF39A
:104BA0001187202181F31288BFF36F8F02B145680E
:104BB000A66804F10809B14516D0AEB13046FFF73A
:104BC000DAFF002406F11800FAF7ECFD3046C6F8CB
:104BD0008040C6F8148000F06BF94846394600F072
:104BE000A6F92046BDE8F883A3B10820FAF7EEFE47
:104BF000002832D00122C0F804800260016801F070
:104C000003015DB922680A430260626820606AB9E4
:104C100060600BE0C8F800304046EFE72A68032ADE
:104C200010D80160616839B9C4E90000002087F339
:104C30001188BFF36F8FD5E70A6802F003020243C1
:104C40000A60E5E722F003020A4302602A6802F0E4
:104C5000030240EA02032B60E8E76FF00B00E6E78F
:104C600010B5044630B10268930703D0446809B117
:104C700000F0CDFA204610BD0023C0E9003300F15A
:104C80000803C0E90233704707B5012300930023EE
:104C90000A461946FFF77CFF03B05DF804FB07B531
:104CA00000230A4600931946FFF772FF03B05DF830
:104CB00004FB00680021FFF7D3BF3AB18A4205D355
:104CC000C0E90212C0E90000002070476FF0150033
:104CD0007047026801238B4022EA0303036022FA33
:104CE00001F000F00100704710B5032104460C30BC
:104CF000FFF7EFFF30B104F11000FAF753FDB0FAFF
:104D000080F0400910BD20B100221146943000F01F
:104D100085B9704773B50446EFF31185202383F3FB
:104D20001288BFF36F8F00230193D0E90423B3F1FE
:104D3000004F08BF012A05D085F31188BFF36F8F9C
:104D400002B070BDA0F1100603210438FFF7C1FFC7
:104D50000028F1D0A369019301A93046F9F7CCFEF0
:104D6000EAE738B504460D461022002100F070FA3B
:104D7000656038BD13B501900846EFF31184202318
:104D800083F31288BFF36F8F01A9F9F7B5FE84F39F
:104D90001188BFF36F8F02B010BD10B5FFF7EAFFA7
:104DA000041E08DDEFF31180202383F31288BFF384
:104DB0006F8FFAF70FFB204610BD38B5302204463E
:104DC0000D46002100F044FA4FF480736560E36003
:104DD00038BDD0E9003213605A60027C002322F013
:104DE0000202C0E90033027483607047EFF305806C
:104DF000003818BF012070476FF05700704738B572
:104E00008589EFF31181202282F31288BFF36F8F1F
:104E1000037C13F0080404D081F31188BFF36F8F73
:104E200038BD0122FAF744F9EB07F9D584F311886C
:104E3000BFF36F8F0423184602DFF1E7FAF7F0B9EA
:104E4000D0E9003213605A600023C0E90033704794
:104E500008B5FFF7F5FF037C23F00203037400237A
:104E6000836008BD38B504460D46FAF76DF8237C1B
:104E700043F002032374D5B1A5602B689D4209D18C
:104E80006B68C4E900531C606C6010E06A689A4269
:104E9000F6D01B68002BF3D093F90E1094F90E2076
:104EA0009142F3DD5A68C4E9003214605C6038BD99
:104EB00010B5EFF31184202383F31288BFF36F8FB3
:104EC000FAF76CF884F31188BFF36F8F10BDFAF70F
:104ED00065B8FAF739B808B5037C13F0280F014616
:104EE0000CD183680BB1FFF7B3FF0B7C23F00403F5
:104EF0000B740846BDE80840FAF750B808BD10B575
:104F0000EFF31184202383F31288BFF36F8FD0E96E
:104F10000423B3F1004F08BF012A04D084F31188A1
:104F2000BFF36F8F10BD1838FFF7D5FFF6E70846BF
:104F3000FAF774B838B504680546AC424FF0000083
:104F400000D138BD002CFCD02046FFF781FF04F1D2
:104F50001800FAF727FC2046FAF720F82C68012001
:104F6000A542EDE710B5EFF31184202383F31288F7
:104F7000BFF36F8FFFF7DEFF84F31188BFF36F8FEE
:104F800010BD38B50C460546FAF738FAB4F1FF3FC4
:104F900008BFB5F1FF3F1FBF47F6FF7300224FF474
:104FA0007A71E0FB01321ABFD80B40EA42404FF061
:104FB000FF3038BD2DE9F04706460F4691469A4628
:104FC000EFF31188202383F31288BFF36F8F0068FB
:104FD000864206D028B17368984214BF0568002540
:104FE00068B90024B9F1000F02D051462046C847E5
:104FF00088F31188BFF36F8F2046BDE8F0875146D4
:10500000B84704460028EDD135B17368AB4200D0F3
:105010002C6828462546E3E72C46FAE738B5EFF337
:105020001185202383F31288BFF36F8F0468A04299
:105030001CD0ECB16261D4E90032C4F88010136076
:105040005A60227C002322F00202C4E90033227459
:10505000A36004F11800FAF7A5FB2046FFF737FF1D
:10506000012085F31188BFF36F8F38BD0020F8E76A
:105070002046F6E708B50246FAF7ECFA70B1D0E937
:1050800004319B1A61EBE272B3F1004F72F100013F
:1050900004DA002AACBF1846002008BD6FF00040BB
:1050A000FBE708B5FAF72EFC08BDB3F1FF3F08BFD8
:1050B000B2F1FF3F70B506461D46144614D01A43A0
:1050C00016D0002B08DBFAF71DFC041941EB050193
:1050D000C6E90041304670BD6FF001031C1B4FF064
:1050E000FF3363EB0501F3E74FF0FF342146EFE7B1
:1050F0000024FBE7B3F1FF3F08BFB2F1FF3FF8B573
:10510000074616461C4610D054EA020311D0FAF79F
:10511000F9FBB0420A46A14103460AD2F31A64EBF6
:105120000204C7E900343846F8BD4FF0FF331C468F
:10513000F7E70023FBE72DE9F3470446DDE90A988A
:1051400015460E4659B302F0010AFAF7EBF9074685
:10515000EFF31181202383F31288BFF36F8FA80729
:1051600044BF0023A360A36803EA0600BAF1000F5E
:105170000CD086420CD16A0744BF8343A36081F3FD
:105180001188BFF36F8F02B0BDE8F0870028F2D11D
:1051900059EA080305D181F31188BFF36F8F00200E
:1051A000F1E7C7E918652246CDE9009804F10C0043
:1051B000FAF778F80028F2D1386EE4E710B5044623
:1051C000D0E918020B6812F0010F03EA000301D0C6
:1051D000984210D17BB12366520742BF4A681A43F6
:1051E0004A6004F11800FAF7DDFA0023C4F88030B1
:1051F0002046FFF770FE002010BD0A46FAF79ABB62
:105200000A460021FAF796BB5200FFF794BF10B58B
:10521000014670B151F8040DEFF31184202383F39C
:105220001288BFF36F8FFBF7B5FD84F31188BFF3CE
:105230006F8F10BD0A44914200F1FF3300D17047D7
:1052400010B511F8014B03F8014F9142F9D110BD8F
:1052500002440346934200D1704703F8011BF9E76B
:1052600010B5024601448A42134603D01C7801322D
:10527000002CF8D1181A10BD2DE9F843C3F13709F5
:10528000074688465FFA89F903F01F051646384637
:1052900041462A460023F2F7B5FED4B2092C3A461D
:1052A00088BF4C44434688BFE4B2AA424FF0000294
:1052B00004F13004934106F8014B07468846E6D2D4
:1052C0003046BDE8F8832DE9F04F89B00518029308
:1052D00004AB41EB0104009390462846D2E9002339
:1052E000214600F0A8F806AB009307468946D8E9A6
:1052F00002232846214600F09EF8DDE904238418A5
:1053000051EB0306069BD8E900124FF0000528BFB9
:105310000125ED18079B43F10003791849EB0202C0
:10532000B94272EB0902D8E9022134BF0120002002
:10533000A21846EB01018018029A41F10001A04237
:10534000A2F1410A71EB060234BF01220022521978
:10535000CDE90653CDF800A043F1000300F082F838
:10536000129BC3E90001D8E9022103911499012994
:10537000DDE90653D8E900E027D10399CDF800A074
:10538000A21A66EB0101774579EB000034BF0120DA
:105390000020101A61F10001844276EB010234BF53
:1053A00001220022AA1A63F1000300F05BF8139BAC
:1053B000C3E90001DDE90623CDF800A0204631460F
:1053C00000F050F809B0BDE8F08F17EB070B49EB80
:1053D000090C14EB040846EB0601BB457CEB0909FC
:1053E00034BF0127002718EB070741F10008F345F8
:1053F0007CEB000C34BF01200020381A68F100015A
:10540000801A039A61EB02016D195B41A74278EBA8
:10541000060234BF01220022AD1843F10003874287
:1054200078EB010834BF01220022AA1A029DA5F1DF
:1054300040050095B7E7F0B500240D4606469446B2
:10544000A0FB02012246E5FB0C12A446E3FB061C6E
:10545000E5FB032412EB0C02059F44F10004C7E9AD
:105460000024F0BDF0B5059CC4F14007C4F120064E
:1054700002FA06F6A4F12005BB4022FA05F53343F3
:10548000C4F120062B4301FA06F6A4F12005E04002
:1054900021FA05F53043BA402843E140104319434F
:1054A000F0BD2DE9F0410446CE0FC1F30A55C1F31A
:1054B000130154EA0107167140F2FF706AD1002D02
:1054C00070D12C462946002B15605FDB0C2B5FDC6E
:1054D000C3F10D05AD00012005F1FF3CA5F1210749
:1054E000C5F1210620FA06F600FA07F700FA0CF0DB
:1054F0003743061847EB0708D6F1000E68EB480C57
:10550000013E48F1FF38264008EA0108B04277EB37
:1055100008080FDBC5F12008B5F1200601FA08F8EC
:1055200024FA05F545EA08055CBF41FA06F635435D
:10553000ED0703D52018044641EB070104EA0E04E9
:1055400001EA0C019DF8186018460D250532C6F1D8
:10555000270604F00F03240944EA0174091163B912
:10556000A8420DDA013DF4D21AE01DB90125A5F2D9
:10557000FF35A8E741F48011F9E7092BC8BF9B1953
:105580003033A8425355B8BF2846EBE70023D9E78C
:105590000D23D7E78542E8D146F0080616710020B2
:1055A000BDE8F0818542E5D146F00406F6E700004B
:0855B000022BFF7F0100000047
:1055B8009D9F020000000000419F020000000000C3
:1055C800000000007856030035E4020000000000E7
:1055D80075E402000000000000000000945603007B
:1055E80000000000B056030000000000E856030069
:1055F80000000000CC560300ADC30200000000000C
:1056080085D1020000000000899D02000000000012
:10561800DDF9020000000000000000003C57030014
:10562800000000002057030000000000045703009A
:1056380000000000585703000000000074570300E2
:10564800000000009057030000000000C857030046
:1056580000000000AC57030079AB02000000000016
:10566800A18F020000000000ED9102000000000080
:10567800AF680300905E0300585A03001806002024
:10568800F40F002045C1020000000000BE680300BE
:10569800A05E0300C85903001A0600204810002025
:1056A800CDC5020000000000CC680300B45E030012
:1056B800C85903001C06002054100020CDC5020064
:1056C8000000000085680300045E0300B45A03006C
:1056D800140600203000002085AE02000000000003
:1056E8003C690300A85F0300F85A03002C06002059
:1056F80078050020293F030000000000A16803008E
:105708006C5E0300285E0300160600206404002077
:105718008DB3020000000000DA68030018050020BD
:10572800EC5903001E060020601000201D33030002
:1057380000000000E768030048050020EC5903005A
:1057480020060020B41000201D33030000000000D4
:10575800F4680300205F0300745A03002206002047
:10576800081100204F3803000000000003690300FF
:10577800505F0300745A0300240600202011002003
:105788004F38030000000000196903000000000002
:105798003C5A03002606002038110020FDC90200EB
:1057A8000000000027690300805F0300205A0300FF
:1057B80028060020F4110020ED3903000000000045
:1057C8002D6903008C5F0300045A03002A06002099
:0C57D800641100205DCD02000000000004
:1057E4009D470300BD40030000000000AF13030009
:1057F400E8560300833E0300B410002075DF020066
:105804006010002075DF020000000000AF130300E9
:1058140038030020C732030000000000AF13030068
:1058240000000000AF13030000000000AF130300EA
:1058340000000000AF13030000000000AF130300DA
:10584400905703006DC9020000000000AF1303006D
:1058540000000000AF13030000000000AF130300BA
:1058640000000000AF1303000000000015D2020086
:1058740000000000AF13030000000000AF1303009A
:1058840000000000AF13030000000000AF1303008A
:1058940000000000AF13030000000000AF1303007A
:1058A40000000000AF13030000000000AF1303006A
:1058B40000000000AF13030000000000AF1303005A
:1058C40000000000AF13030000000000AF1303004A
:1058D40000000000AF13030000000000AF1303003A
:1058E40000000000AF13030000000000AF1303002A
:1058F40000000000AF13030000000000AF1303001A
:1059040000000000AF13030000000000AF13030009
:1059140000000000AF13030039BA0200BD400300C9
:1059240000000000AF13030000000000AF130300E9
:1059340000000000AF13030000000000AF130300D9
:1059440000000000AF13030000000000AF130300C9
:1059540000000000AF13030000000000AF130300B9
:1059680000080020C016002000040000E18D02009D
:105978000000000000000000000000000700000018
:105988000000000095610300FFFFFFFFFFFFFFFF1E
:105998007807002080120020000400008D8E02008D
:1059A80000000000000000000000000007000000E8
:1059B800000000008C610300FFFFFFFFFFFFFFFFF7
:1059C800FDC302001B3203002932030041320300E9
:1059D8004D3203005932030009C602007332030036
:1059E80000000000F93403000000000055330300F4
:1059F8000000000000000000C9340300D186020046
:105A080000000000000000000B3B03003F3B0300C8
:105A18000000000000000000C1840200F5CB020075
:105A2800000000002DCB02003DCA0200000000006B
:105A3800000000000000000000000000000000005E
:105A480085C9020041C902000000000000000000F2
:105A58009DC1020087310300ED3103000000000002
:105A6800253103000000000000000000EB370300B0
:105A7800E93803000938030021380300000000005A
:105A88003B38030000000000000000000000000098
:105A980000000000000000000000000000000000FE
:105AA8000000000000000000000000003D2303008B
:105AB80011AE020000000000672303002923030041
:105AC80049270300EF230300BD2203007F270300BB
:105AD800E523030000000000D522030000000000B9
:105AE80000000000DD22030005270300EF22030069
:105AF8001B3D030059CE02000D3D0300F93F030092
:105B0800413D0300693D03009F3D0300B33D030091
:105B1800E13D0300F53D0300B33D0300D13D030023
:105B2800093E0300173E0300253E03000000000065
:045B3800573E0300D1
:105B40000338FDD87047000001000000000000008D
:105B50000500000000000000190000000000000027
:105B60007D00000000000000710200000000000045
:105B7000350C000000000000093D0000000000009E
:105B80002D31010000000000E1F5050000000000DB
:105B900065CD1D0000000000F90295000000000026
:105BA000DD0EE90200000000514A8D0E00000000E9
:105BB0009573C24800000000E941CC6B0100000071
:105BC0008D49FD1A07000000C16FF2862300000016
:105BD000C52EBCA2B1000000D9E9AC2D78030000AD
:105BE0003D9160E45811000031D6E275BC560000CA
:105BF000F52E6E4DAEB10100C9EA26836778080024
:105C0000ED95C28F055A2A00A1EDCCCE1BC2D30060
:105C100025A4000A8BCA2204000000000000000036
:105C20000000000000000010000000000000000064
:105C3000B9340332B7F4AD1410DB1AB30892540E22
:105C40000D307D951447BA1A66088F4D26ADC66D86
:105C5000F598BF85E2B74511CA96853D92BD1DEB0B
:105C6000FCA11860DCEF52163C92AE220BB8C1B416
:105C7000839D2D5B0562DA1C304C7E8F4E8BB25BB0
:105C800016F4529F8B56A512FBD4827643ED8AF010
:105C90008FE7F9311565191850F19BD94A13EEB405
:105CA000284CF0A686C1251F035FC270CB9E491603
:105CB000E642889C44EB2014B0650836AD6EA5859D
:105CC00085F0CA14E2FD031A0B899979D5B13D0913
:105CD000D8DA973A35EBCF10AC363F5E73BB38CF8E
:105CE0003E6752FA44AFBA15010000000000000000
:105CF0000000000000000020345065C05FC9A652BB
:105D0000BB13CBAEC440C21806C8DF7100D5A87C57
:105D1000F56F0FDA58FC27136E4756357D24206542
:105D200002C7E768E48CA41DE9E60268D7CD3961B3
:105D30007977FCC2405BEF16798CDE43FFA751F9FF
:105D400091F3B278F5BDBE11E857E9D6E8BEE87B1D
:105D5000B054AC8F848D751BEA23A499E9F9D38BD9
:105D6000B7A3714061DA3E15CEE33ECB73F9480824
:105D70008C97B427D51B7010A2BFEFB9EB853215F5
:105D80004DB44DB49BBB6F1996B6076CF8E7EEADFA
:105D900036D9B4F59135AE13222218AF4E6A684D4C
:105DA00091DAAA3D4F40741E9FBD9EE006A1C098A7
:105DB00057C2A7FDA40E90170E7D497173E3208F83
:105DC000B220D87605143B12853D7434811343B05C
:105DD000AD297A5F27F4351C000000200000000088
:105DE00000000B0602000000EC5D03000000000054
:105DF0007168030026000206000000207968030095
:105E000022000B11F003002000000000CF0500204D
:105E10000404002000000000785E03004C0600200F
:105E2000000000000000000000000000E5B40200D7
:105E300049B3020079B102000DB502000000000074
:105E400019B102002DB50200B9BE020029B302004B
:105E50000000000031BF020029B9020071B2020047
:105E60009F300300D1300300C93003000000000060
:105E700003000000BDB20200F93003000000000082
:105E8000E130030001C10200D1C0020000000000A7
:105E90004DC20200CDC102001732030013320300CD
:105EA000FFFF000000030050380300200000000046
:105EB00001000000FFFFFFFF00000050380300203A
:105EC000000000000000000000400040D45E03001D
:105ED00002000000EC5E030002000000E45E03002C
:105EE000020100000480000C0580000B0406000C79
:105EF0000506000B00300040005F030002000000B8
:105F0000185F030002000000105F030002010000A0
:105F10000780000C1B80000B0700000C1B00000B0F
:105F200000000080FFFFFF7F000000800000008075
:105F3000FFFFFF7F00000080B80B000000000000A2
:105F4000B769030000FF0A0094560300080000022E
:105F500000000080FFFFFF7F000000800000008045
:105F6000FFFFFF7F00000080000000000000000035
:105F7000B769030000FF0800945603000A000002FE
:105F800020570300620000000100000039CE02002B
:105F90003C5703006A000000253C0300F13B03006E
:105FA0005B3C03008F3C0300002000400100000028
:105FB00000000000C85F03000000D60100000000E0
:105FC0002D1200202C12002000200040D45F03007E
:105FD00002000000EC5F030002000000E45F030029
:105FE000020100002B8000002C8000012B0000002B
:105FF0002C0600010800000003000000B855030053
:10600000C0550300085603001056030068560300ED
:10601000785603004F6903000001000000000000F3
:106020000000000000000000000000000000000070
:106030000000004095596959555554551555555608
:1060400004051541105455404551554440455044B0
:1060500050555545004000404004449665555655FE
:106060004540455451411540559155555555405160
:106070000501000054455454455505040010041012
:10608000140440000000014055551541540400001F
:1060900044000100000000404100004450444550CD
:1060A0005400555554556551004000400100000111
:1060B000000501001154515154555505001541502A
:1060C00000000440100104050000000009044636E9
:1060D0001E00B1210000863FF40105EC01001D24E3
:1060E000010018230100272401002223010000E001
:1060F000010000E001002F36900116240100132357
:106100000100AC210000B8E4010015362003393647
:1061100010273236B0049D21881396213200E036D4
:106120000100F6361E0045240100402301004E24E4
:1061300001004B23010002000400080010000100D0
:10614000010008000200040000000C001A003400E6
:106150006800D000A00141038206040D081A010066
:106160007C424F4F547C0A0053656E736F727320EC
:106170006E6F74207265616479210A0053656E73D5
:106180006F7273207265616479210A0073636434ED
:10619000315F696400626D653639305F696400495A
:1061A0003243206572726F72206F6E207374657057
:1061B00020257520287265672030782530327829AF
:1061C0003A205B25645D0A004572726F7220777217
:1061D0006974696E67206761735F776169745F30A6
:1061E0003A205B25645D0A00476976696E67207511
:1061F00070206F6E206761735F776169745F302014
:1062000061667465722025642072657472696573B5
:106210000A004572726F722077726974696E672026
:106220007265735F686561745F303A205B25645DF9
:106230000A00476976696E67207570206F6E20725C
:1062400065735F686561745F302061667465722094
:10625000256420726574726965730A004572726FF5
:10626000722072656164696E67206374726C5F6727
:1062700061735F313A205B25645D0A004769766986
:106280006E67207570206F6E206374726C5F67613B
:10629000735F3120616674657220256420726574B5
:1062A000726965730A004572726F7220726561646B
:1062B000696E67206374726C5F6D656173207265CF
:1062C0006769737465723A205B25645D0A004769EB
:1062D00076696E67207570206F6E206374726C5FD4
:1062E0006D65617320616674657220256420726536
:1062F00074726965730A004572726F7220777269F1
:1063000074696E6720746F20726567697374657253
:106310000A005468657265206973206E6F2076618B
:106320006C696420646174612E2056616C7565200F
:106330006F662062697420342069733A20300A0045
:106340004572726F722072656164696E6720676161
:10635000735F725F6D73620A004572726F722072B2
:10636000656164696E67206761735F725F6C7362F9
:106370000A0047617320726573697374616E6365A7
:10638000206C6576656C2069733A205B252E336638
:106390005D206F686D730A004D6561737572656D80
:1063A000656E74206E6F7420726561647920746804
:1063B0006973206379636C652C20736B69707069F5
:1063C0006E672E0A004661696C656420746F2066F2
:1063D000657463682073616D706C650A00434F32A9
:1063E0003A20252E32662070706D207C2054656D19
:1063F000703A20252E32662043207C2048756D6936
:10640000646974793A20252E32662F3130300A00C3
:106410002A2A2A20426F6F74696E67205A65706855
:106420007972204F53206275696C642076342E3463
:106430002E302D343339362D676136356238376664
:106440003263366435202A2A2A0A006364635F6156
:10645000636D5F30006364635F61636D5F7365727A
:1064600069616C0072302F61313A2020307825301C
:106470003878202072312F61323A20203078253050
:106480003878202072322F61333A2020307825303E
:1064900038780A0072332F61343A20203078253062
:1064A0003878207231322F69703A202030782530C8
:1064B0003878207231342F6C723A202030782530B1
:1064C00038780A0020787073723A202030782530AE
:1064D00038780A004661756C74696E6720696E735E
:1064E0007472756374696F6E20616464726573732E
:1064F00020287231352F7063293A203078253038C2
:10650000780A00556E68616E646C6564204952516A
:106510006E3A2025640A002A2A2A2A2A204D50553C
:10652000204641554C54202A2A2A2A2A0A00202093
:10653000537461636B696E67206572726F72202895
:10654000636F6E746578742061726561206D696730
:106550006874206265206E6F742076616C696429AE
:106560000A002020556E737461636B696E67206545
:1065700072726F720A00202044617461204163636B
:106580006573732056696F6C6174696F6E0A0020C1
:10659000204D4D46415220416464726573733A2028
:1065A000307825780A002020496E73747275637400
:1065B000696F6E204163636573732056696F6C6108
:1065C00074696F6E0A002020466C6F6174696E6793
:1065D0002D706F696E74206C617A792073746174A8
:1065E0006520707265736572766174696F6E20657F
:1065F00072726F720A002A2A2A2A2A2055534147AA
:1066000045204641554C54202A2A2A2A2A0A00208D
:10661000204469766973696F6E206279207A6572A9
:106620006F0A002020556E616C69676E6564206D8D
:10663000656D6F7279206163636573730A00202052
:106640004E6F20636F70726F636573736F72206932
:106650006E737472756374696F6E730A00202049DB
:106660006C6C6567616C206C6F6164206F6620459F
:1066700058435F52455455524E20696E746F2050F6
:10668000430A002020496C6C6567616C2075736556
:10669000206F662074686520455053520A00202000
:1066A000417474656D707420746F206578656375CE
:1066B000746520756E646566696E656420696E73C5
:1066C0007472756374696F6E0A002A2A2A2A2A2056
:1066D000425553204641554C54202A2A2A2A2A0A38
:1066E000002020537461636B696E67206572726F5E
:1066F000720A0020205072656369736520646174BA
:106700006120627573206572726F720A00202042E8
:1067100046415220416464726573733A2030782593
:10672000780A002020496D70726563697365206482
:1067300061746120627573206572726F720A002045
:1067400020496E737472756374696F6E206275731D
:10675000206572726F720A005265736572766564A5
:1067600020457863657074696F6E202800537075DA
:1067700072696F757320696E7465727275707420BA
:10678000284952512000535053454C20696E2074C3
:106790006872656164206D6F646520646F65732045
:1067A0006E6F7420696E6469636174652050535024
:1067B0000A002A2A2A2A2A204841524420464155C2
:1067C0004C54202A2A2A2A2A0A00202042757320A3
:1067D0006661756C74206F6E20766563746F7220CD
:1067E0007461626C6520726561640A0020204465F2
:1067F000627567206576656E740A002020466175B3
:106800006C7420657363616C6174696F6E202873AA
:1068100065652062656C6F77290A00415243485FC5
:1068200045584345505420776974682072656173F8
:106830006F6E2025780A0A002A2A2A2A2A2044650F
:10684000627567206D6F6E69746F7220657863651D
:106850007074696F6E202A2A2A2A2A0A002A2A2A94
:106860002A2A20257320256429202A2A2A2A2A0A4E
:1068700000464C4153485F30005352414D5F300059
:106880007573626400626F6172645F6364635F6109
:10689000636D5F75617274007564635F6E726678B4
:1068A000007573626440343030323730303000630A
:1068B0006C6F636B40343030303030303000677094
:1068C000696F403530303030333030006770696F79
:1068D0004035303030303030300069326340343051
:1068E000303034303030006932634034303030334F
:1068F000303030006C736D3664733374722D632DD9
:10690000656E006D736D32363164333532366869C9
:1069100063706D2D632D656E0074656D704034304D
:10692000303063303030005343443431006C736D89
:106930003664733374722D6340366100756172740E
:10694000403430303032303030006D61696E007369
:106950007973776F726B7100696E66006E616E009D
:10696000286E756C6C2900465320436F6E6669670C
:1069700075726174696F6E004344432041434D203A
:1069800073657269616C206261636B656E64005A45
:1069900065706879722050726F6A65637400303177
:1069A00032333435363738394142434445460000A6
:1069B000010203040506070020303030303030304B
:0C69C0003030303030303000010000007A
:1069CC000000000079AC0200000000000001000093
:1069DC0000000000000000000000000000000000AB
:1069EC00000000000000000000000000000000009B
:1069FC00CC56030000C2010000000800000000009B
:106A0C00000000000000000000000000000000007A
:106A1C00000000000000000000000000000000006A
:106A2C0000000000DC03002000000000C803002070
:106A3C00000000000000000000000000000000004A
:106A4C00000000000000000000000000000000003A
:106A5C00000000000000000000000000000000002A
:106A6C00000000000000000000000000000000001A
:106A7C00000000000000000000000000BC0000202E
:106A8C00BC0000200000000001000000000000001D
:106A9C0020570300760000000000000000000000FA
:106AAC0000000000000000000000000000000000DA
:106ABC0000000000000000000000000000000000CA
:106ACC0000000000000000000000000000000000BA
:106ADC0000000000000000000000000000000000AA
:106AEC00000000000000000000000000000000009A
:106AFC00000000000000000000000000000000008A
:106B0C00AC57030000000000000000000000000073
:106B1C000000000000000000000000000000000069
:106B2C000000000000000000000000000000000059
:106B3C000000000000000000000000000000000049
:106B4C000000000000000000000000000000000039
:106B5C000000000000000000000000000000000029
:106B6C000000000000000000000000000000000019
:106B7C000000000000000000000000000000000009
:106B8C0000000000000000000000000000000000F9
:106B9C0000000000000000000000000000000000E9
:106BAC0000000000000000000000000000000000D9
:106BBC0000000000000000000000000000000000C9
:106BCC0000000000000000000000000000000000B9
:106BDC0000000000000000000000000000000000A9
:106BEC000000000000000000000000000000000099
:106BFC000000000000000000000000000000000089
:106C0C000000000000000000000000000000000078
:106C1C000000000000000000000000000000000068
:106C2C000000000000000000000000000000000058
:106C3C000000000000000000000000000000000048
:106C4C000000000000000000000000000000000038
:106C5C000000000000000000051003000000000010
:106C6C00B4050020B002002000000000000000006D
:106C7C000000000000000000000401000000000003
:106C8C006769030022030000000000000000000000
:106C9C0000030300000000000000000000030000DF
:106CAC0000000000000000000002010000000000D5
:106CBC00786903002E0300000000000000000000B3
:106CCC0000010100000000008F6903001E0300009A
:106CDC0000000000000000000000000000000000A8
:106CEC00CC60030004030000000000000514030046
:106CFC0000000000000000000060004000000000E8
:106D0C000000000000000000000000000000000077
:106D1C000000000000000000000000000000000067
:106D2C000000000000000000000000000000000057
:106D3C000000000000000000000000000000000047
:106D4C000000000000000000000000000000000037
:106D5C000000000000000000000000000000000027
:106D6C000000000000000000000000000000000017
:106D7C000000000000000000000000000000000007
:106D8C000000000000000000F83A002000000000A5
:106D9C00000000000000000000040000F83E00208D
:106DAC0000000000000000000000000000040000D3
:106DBC004B640300000000003004002000000000C1
:106DCC00CC560300CF050020D7050020E00500209D
:106DDC00E5050020EA050020EE050020F305002063
:106DEC00FA050020030600200A06002011060020E8
:106DFC0000000000672203006DAD0200CDAD020063
:106E0C00E324030009230300112403000000000005
:106E1C00C9270300F923030091230300000000009D
:106E2C0069220300000000000000000000000000C8
:106E3C000000000000000000000000000000000046
:106E4C000000000000000000000000000000000036
:106E5C000000000000000000000000000000000026
:106E6C000000000000000000000000000000000016
:106E7C000000000000000000000000000000000006
:106E8C0000000000000000000000000000000000F6
:106E9C0000000000000000000000000000000000E6
:106EAC000000000000000000E8040020E8040020BE
:106EBC0000000000000000000E00000000000000B8
:106ECC0000000000000000000000000000000000B6
:106EDC0000000000000000000000000000000000A6
:106EEC000000980100000101F332030010000000C3
:106EFC002DC70200C85E03000C120020FFFF00002B
:106F0C000000000000000000000000000000000075
:106F1C000000400600000101F332030010000000E5
:106F2C000DC70200F45E03001C120020FFFF0000DE
:106F3C000000000000000000880500200000000098
:106F4C000000000000000000000000000000000035
:106F5C002E12002020000000000000000090D00342
:106F6C00FF00000090020000FFFFFFFFAC050020B7
:106F7C00AC05002009020000000100807D12010018
:106F8C0002EF020140E32F0400040400000000089B
:106F9C000B000202020000090400000102020000C2
:106FAC00052400100105240100010424020205241B
:106FBC000600010705810310000A09040100020AFA
:106FCC000000000705820240000007050102400096
:036FDC00000000B2
:106FDF0000000000000000000000000000000000A2
:0D6FEF000000000000000000000000000095
:106FFC00300600203006002038340020000000004D
:0C700C0008000000100000000000000060
:1070180000000000B8340020000400000000000058
:047028000000000064
:10702C006006002060060020000000000000000048
:04703C000E00000042
:1070400074060020740600200C0000000A000000F6
:10705000C033002038340020C0330020C03300206B
:08706000000000000000000028
:107068009C0600209C060020010000000100000092
:0C707800AC060020AC0600200000000068
:08708400B8060020B806002048
:10708C000000000000000000C8060020C806002018
:10709C00100010000A00000073280300185E0300A3
:0470AC00B8380020D0
:1070B0005564030000000000000000000000000014
:1070C0000000000000000000045703000000000062
:1070D00000000000000000000000000000000000B0
:1070E00000000000000000000000000000000000A0
:1070F0000000000000000000000000000000000090
:10710000000000000000000000000000000000007F
:10711000000000000000000000000000000000006F
:0C712000BD050020000000000000000081
:10712C0000000000F0030020000000000000000040
:08713C0000000000000000004B
:0471440015E015E05D
:04000003200097B989
:00000001FF
